name,amenity,library_id,operator_type,operator,street,housenumber,postcode,city,country,opening_hours,wheelchair_accessible,toilets_wheelchair,level,internet_access,isil_code,email,phone,contact_phone,website,contact_website,final_email,final_phone,website_url,longitude,latitude,geometry,district,neighbourhood,neighbourhood_id,district_id
Bruno-Lösche-Bibliothek,library,29071031,,,Perleberger Straße,33,10559,Berlin,DE,Mo-Fr 10:00-19:30; Sa 10:00-14:00,yes,no,,,DE-B707,,+49 30901833025,,http://www.berlin.de/stadtbibliothek-mitte/bibliotheken/bruno-loesche-bibliothek/,,,+49 30901833025,http://www.berlin.de/stadtbibliothek-mitte/bibliotheken/bruno-loesche-bibliothek/,13.3475136,52.5312448,POINT (13.3475136 52.5312448),Mitte,Moabit,0102,11001001
Anton-Saefkow-Bibliothek,library,60848456,,,Anton-Saefkow-Platz,14,10369,Berlin,DE,"Sa 09:00-18:00; Mo,Tu 09:00-19:00; We 13:00-19:00; Th,Fr 09:00-18:00",yes,,,,,,,+4930902963773,http://www.berlin.de/ba-lichtenberg/auf-einen-blick/buergerservice/bildung/artikel.298020.php,,,+4930902963773,http://www.berlin.de/ba-lichtenberg/auf-einen-blick/buergerservice/bildung/artikel.298020.php,13.4708382,52.5307772,POINT (13.4708382 52.5307772),Lichtenberg,Fennpfuhl,1111,11011011
Stadtteilbibliothek Erich Weinert,library,203557001,,,Helene-Weigel-Platz,4,12681,Berlin,DE,"Mo,Tu,Th 14:00-18:00; We,Fr 09:00-13:00; Su,PH off; 2024 May 10,2024 Jun 12,2024 Oct 04,2024 Nov 08,2024 Dec 23,2024 Dec 27,2024 Dec 30 off",limited,,,,,,+49 30 5429251,,https://www.berlin.de/bibliotheken-mh/bibliotheken/stadtteilbibliothek-erich-weinert/,,,+49 30 5429251,https://www.berlin.de/bibliotheken-mh/bibliotheken/stadtteilbibliothek-erich-weinert/,13.538715,52.5281578,POINT (13.538715 52.5281578),Marzahn-Hellersdorf,Marzahn,1001,11010010
Stadtteilbibliothek Halemweg,library,256922190,,,Halemweg,18,13627,Berlin,DE,,yes,,,wlan,none,,,,,,,,,13.2871861,52.5375039,POINT (13.2871861 52.5375039),Charlottenburg-Wilmersdorf,Charlottenburg-Nord,0406,11004004
Bezirkszentralbibliothek Spandau,library,257708789,,,Carl-Schurz-Straße,13,13597,Berlin,DE,"Mo-Fr 11:00-19:00;
Mo-Fr 10:00-11:00 ""ohne Fachpersonal"";
Sa 10:00-15:00;
Sa 15:00-18:00 ""ohne Fachpersonal"";
So 10:00-18:00 ""ohne Fachpersonal"";",yes,,,wlan,,,,+49 30 90279 5537,,https://www.berlin.de/stadtbibliothek-spandau/bibliotheken/bezirkszentralbibliothek/,bibliothek@ba-spandau.berlin.de,+49 30 90279 5537,https://www.berlin.de/stadtbibliothek-spandau/bibliotheken/bezirkszentralbibliothek/,13.2013864,52.5361334,POINT (13.2013864 52.5361334),Spandau,Spandau,0501,11005005
Bezirkszentralbibliothek Mark Twain,library,263679066,,,Marzahner Promenade,52-54,12679,Berlin,DE,"Mo,Tu,Th,Fr 10:00-19:30; We 14:00-19:30; Sa 10:00-14:00",yes,,,,DE-B2228,,,+49 30 54704154,https://www.berlin.de/bibliotheken-mh/,https://www.berlin.de/bibliotheken-mh/bibliotheken/bezirkszentralbibliothek-mark-twain/,,+49 30 54704154,https://www.berlin.de/bibliotheken-mh/,13.556704,52.54722,POINT (13.556704 52.54722),Marzahn-Hellersdorf,Marzahn,1001,11010010
Ibero-Amerikanisches Institut,library,264776935,,Stiftung Preußischer Kulturbesitz,Potsdamer Straße,37,10785,Berlin,Germany,Mo-Sa 08:00-22:00,limited,no,,wlan,DE-204,,,,https://www.iai.spk-berlin.de/,,,,https://www.iai.spk-berlin.de/,13.369701,52.5068092,POINT (13.369701 52.5068092),Mitte,Tiergarten,0104,11001001
Bezirkszentralbibliothek Philipp Schaeffer,library,266540876,,,Brunnenstraße,181,10119,Berlin,DE,Mo-Fr 10:00-19:30; Sa 10:00-14:00,yes,yes,,wlan,DE-B456,service@stb-mitte.de,+49 30 90182 4444;+49 30 90182 4422;+49 30 90182 4431,,http://www.berlin.de/stadtbibliothek-mitte/bibliotheken/bezirkszentralbibliothek-philipp-schaeffer/,,service@stb-mitte.de,+49 30 90182 4444;+49 30 90182 4422;+49 30 90182 4431,http://www.berlin.de/stadtbibliothek-mitte/bibliotheken/bezirkszentralbibliothek-philipp-schaeffer/,13.3986959,52.5316059,POINT (13.3986959 52.5316059),Mitte,Mitte,0101,11001001
Stadtteilbibliothek Mahlsdorf,library,266629485,,,Alt-Mahlsdorf,24-26,12623,Berlin,DE,"Mo 13:00-17:00, Tu,Th 13:00-19:00, We,Fr 10:00-14:00; PH off; 2024 May 10,2024 Jun 12,2024 Oct 04,2024 Nov 08,2024 Dec 23,2024 Dec 27,2024 Dec 30 off",yes,,,wlan,,bibl.service@ba-mh.berlin.de,+49 30 5676866,,https://www.berlin.de/bibliotheken-mh/bibliotheken/stadtteilbibliothek-mahlsdorf/,,bibl.service@ba-mh.berlin.de,+49 30 5676866,https://www.berlin.de/bibliotheken-mh/bibliotheken/stadtteilbibliothek-mahlsdorf/,13.6127893,52.5055546,POINT (13.6127893 52.5055546),Marzahn-Hellersdorf,Mahlsdorf,1004,11010010
Philologische Bibliothek,library,271685475,university,Freie Universität Berlin,Habelschwerdter Allee,45,14195,Berlin,DE,Mo-Fr 09:00-22:00; Sa-Su 10:00-20:00,yes,yes,,yes,DE-188-920,,,,https://www.fu-berlin.de/sites/philbib/index.html,,,,https://www.fu-berlin.de/sites/philbib/index.html,13.2883334,52.4518573,POINT (13.2883334 52.4518573),Steglitz-Zehlendorf,Dahlem,0605,11006006
"Campusbibliothek Natur-, Kultur- und Bildungswissenschaften, Mathematik, Informatik und Psychologie",library,271875991,university,Freie Universität Berlin,Fabeckstraße,23/25,14195,Berlin,DE,Mo-Fr 09:00-22:00; Sa-Su 10:00-20:00; PH off,limited,yes,,wlan,DE-188-930,auskunft@campusbib.fu-berlin.de,+493083856384,,https://www.fu-berlin.de/sites/campusbib/,,auskunft@campusbib.fu-berlin.de,+493083856384,https://www.fu-berlin.de/sites/campusbib/,13.2902597,52.4535775,POINT (13.2902597 52.4535775),Steglitz-Zehlendorf,Dahlem,0605,11006006
Wolfdietrich-Schnurre-Bibliothek,library,281375131,,,Bizetstraße,41,13088,Berlin,DE,Mo 10:00-19:00; Tu 10:00-17:00; We 13:00-19:00; Th 10:00-19:00; Fr 10:00-17:00,limited,,,wlan,,wolfdietrich-schnurre-bibliothek@ba-pankow.berlin.de,+49 30 90295 3861,,http://www.berlin.de/ba-pankow/stadtbibliothek/wolfdiehttps://www.berlin.de/stadtbibliothek-pankow/bibliotheken/wolfdietrich-schnurre-bibliothek/trich-schnurre/,,wolfdietrich-schnurre-bibliothek@ba-pankow.berlin.de,+49 30 90295 3861,http://www.berlin.de/ba-pankow/stadtbibliothek/wolfdiehttps://www.berlin.de/stadtbibliothek-pankow/bibliotheken/wolfdietrich-schnurre-bibliothek/trich-schnurre/,13.4528367,52.5477387,POINT (13.4528367 52.5477387),Pankow,Weißensee,0302,11003003
Stadtteilbibliothek Karow,library,293137702,,,Zum Kappgraben,,13125,Berlin,Germany,,yes,,,,,,,,,,,,,13.4917041,52.616548,POINT (13.4917041 52.616548),Pankow,Karow,0305,11003003
Bettina von Arnim Bibliothek,library,308811018,public,,Schönhauser Allee,75,10439,Berlin,DE,"Mo-We,Fr 13:00-19:00; Th 10:00-17:00",yes,yes,3,wlan,,mailto:bettina-von-arnim.bibliothek@ba-pankow.berlin.de,+4930902956933,,https://www.berlin.de/stadtbibliothek-pankow/bibliotheken/bettina-von-arnim-bibliothek/,,mailto:bettina-von-arnim.bibliothek@ba-pankow.berlin.de,+4930902956933,https://www.berlin.de/stadtbibliothek-pankow/bibliotheken/bettina-von-arnim-bibliothek/,13.414088,52.5492616,POINT (13.414088 52.5492616),Pankow,Prenzlauer Berg,0301,11003003
Egon-Erwin-Kisch-Bibliothek,library,323991172,,,Frankfurter Allee,149,10365,Berlin,Germany,"We 13:00-18:00; Sa 09:00-18:00; Su-Tu, Th-Fr 10:00-18:00",limited,,2,wlan,,,+49305556719,,https://www.berlin.de/stadtbibliothek-lichtenberg/standorte/egon-erwin-kisch-bibliothek/,,,+49305556719,https://www.berlin.de/stadtbibliothek-lichtenberg/standorte/egon-erwin-kisch-bibliothek/,13.4813674,52.5134373,POINT (13.4813674 52.5134373),Lichtenberg,Lichtenberg,1103,11011011
Helene-Nathan-Bibliothek,library,333343782,,,Karl-Marx-Straße,66,12043,Berlin,DE,Mo-Fr 09:00-18:00; Sa 10:00-13:00,yes,,4,wlan,DE-B700,,,+49 30 902394313,,https://berlin.de/stadtbibliothek-neukoelln,info@stadtbibliothek-neukoelln.de,+49 30 902394313,https://berlin.de/stadtbibliothek-neukoelln,13.4327729,52.4819616,POINT (13.4327729 52.4819616),Neukölln,Neukölln,0801,11008008
Ingeborg-Drewitz-Bibliothek,library,345162417,,,Grunewaldstraße,3,12165,Berlin,DE,Mo-Fr 11:00-19:00; Sa 11:00-16:00; PH off,yes,yes,3,,DE-B702,,,,https://www.berlin.de/stadtbibliothek-steglitz-zehlendorf/,,,,https://www.berlin.de/stadtbibliothek-steglitz-zehlendorf/,13.3196255,52.4577849,POINT (13.3196255 52.4577849),Steglitz-Zehlendorf,Steglitz,0601,11006006
Johannes-Bobrowski-Bibliothek,library,439229151,,,Peter-Hille-Straße,1,12587,Berlin,DE,"Mo,Tu 12:00-17:00; We,Th 14:00-19:00; PH,Fr-Su off",yes,,,wlan,,,,,http://www.sb-tk.de,,,,http://www.sb-tk.de,13.6214013,52.4548013,POINT (13.6214013 52.4548013),Treptow-Köpenick,Friedrichshagen,0911,11009009
Stadtteilbibliothek Lichenrade,library,444731308,,,Steinstraße,41,12307,Berlin,Germany,"Mo, We-Fr 11:00-18:00; Tu 12:00-16:00",yes,designated,"0,1",,,,,+49 30 902778286,,https://www.berlin.de/stadtbibliothek-tempelhof-schoeneberg/bibliotheken/stadtteilbibliothek-lichtenrade/,stabi-lichtenrade@ba-ts.berlin.de,+49 30 902778286,https://www.berlin.de/stadtbibliothek-tempelhof-schoeneberg/bibliotheken/stadtteilbibliothek-lichtenrade/,13.3973796,52.3879238,POINT (13.3973796 52.3879238),Tempelhof-Schöneberg,Lichtenrade,0706,11007007
Heinrich-Schulz-Bibliothek,library,444994924,,,Otto-Suhr-Allee,96,10585,Berlin,DE,Mo-Fr 12:00-19:00; Sa 11:00-16:00; Su 12:00-18:00,yes,no,,wlan,,,,+49309029-12217,,http://www.berlin.de/ba-charlottenburg-wilmersdorf/verwaltung/bibliotheken/artikel.203398.php,,+49309029-12217,http://www.berlin.de/ba-charlottenburg-wilmersdorf/verwaltung/bibliotheken/artikel.203398.php,13.308865,52.5171056,POINT (13.308865 52.5171056),Charlottenburg-Wilmersdorf,Charlottenburg,0401,11004004
Zweigbibliothek Naturwissenschaften,library,482710823,university,Universitätsbibliothek der Humboldt-Universität zu Berlin,Rudower Chaussee,26,12489,Berlin,DE,Mo-Fr 09:00-20:00,yes,,,wlan,DE-11-87,nawi@ub.hu-berlin.de,+49 30 2093-99725,,https://www.ub.hu-berlin.de/de/standorte/erwin-schroedinger-zentrum-zwbib-nawi,,nawi@ub.hu-berlin.de,+49 30 2093-99725,https://www.ub.hu-berlin.de/de/standorte/erwin-schroedinger-zentrum-zwbib-nawi,13.5314264,52.4310682,POINT (13.5314264 52.4310682),Treptow-Köpenick,Adlershof,0907,11009009
Bibliothek Campus Wilhelminenhof,library,486517226,,,Ernst-Ziesel-Straße,,12459,Berlin,Germany,Mo-Fr 10:00-21:00; Sa 12:00-18:00,yes,,1,,,,,,,https://bibliothek.htw-berlin.de/ueber-uns/bibliothek-campus-wilhelminenhof/,,,https://bibliothek.htw-berlin.de/ueber-uns/bibliothek-campus-wilhelminenhof/,13.5247238,52.4554005,POINT (13.5247238 52.4554005),Treptow-Köpenick,Oberschöneweide,0909,11009009
KEH Bibliothek,library,507660382,,,,,10315,Berlin,Germany,,limited,,,,,,,,,,,,,13.5120545,52.5280812,POINT (13.5120545 52.5280812),Lichtenberg,Lichtenberg,1103,11011011
Eberhard-Alexander-Burgh-Bibliothek,library,529557633,,,Rüdesheimer Straße,24-30,14197,Berlin,Germany,"Mo,Th 12:00-16:00; Tu,Fr 14:00-18:00; SH Mo, Th 12:00-16:00; PH off",yes,yes,,wlan,,,,,,,,,,13.313449,52.4713483,POINT (13.313449 52.4713483),Charlottenburg-Wilmersdorf,Wilmersdorf,0402,11004004
Friedrich-von-Raumer-Bibliothek,library,560823423,,,Dudenstraße,18-20,10965,Berlin,DE,"Mo,Tu 13:00-19:00; We 11:00-17:00; Th 13:00-19:00; Fr 11:00-17:00",no,,,wlan,,,+49 30 50587613,,https://www.berlin.de/stadtbibliothek-friedrichshain-kreuzberg/bibliotheken/stadtteilbibliothek-friedrich-von-raumer/,,,+49 30 50587613,https://www.berlin.de/stadtbibliothek-friedrichshain-kreuzberg/bibliotheken/stadtteilbibliothek-friedrich-von-raumer/,13.3827588,52.4851862,POINT (13.3827588 52.4851862),Friedrichshain-Kreuzberg,Kreuzberg,0202,11002002
Bibliothek des John-F.-Kennedy-Instituts,library,586328524,university,Universitätsbibliothek der Freien Universität Berlin,Lansstraße,7-9,14195,Berlin,DE,Mo-Fr 09:00-20:00,no,no,,wlan,DE-188-144,,,+49 30 838-52862,,http://www.jfki.fu-berlin.de/library,library@jfki.fu-berlin.de,+49 30 838-52862,http://www.jfki.fu-berlin.de/library,13.2920178,52.4571611,POINT (13.2920178 52.4571611),Steglitz-Zehlendorf,Dahlem,0605,11006006
Stadtteilbibliothek Buch,library,618048288,,,Schlosspark-Passage,,13125,Berlin,Germany,"Mo,Th,Fr 13:00-19:00; Tu 10:00-16:00; We 13:00-17:00; Sa 10:00-15:00",yes,,1,wlan,,,,,https://www.berlin.de/stadtbibliothek-pankow/bibliotheken/stadtteilbibliothek-buch/,,,,https://www.berlin.de/stadtbibliothek-pankow/bibliotheken/stadtteilbibliothek-buch/,13.4938846,52.6356441,POINT (13.4938846 52.6356441),Pankow,Buch,0309,11003003
HU Berlin – Zweigbibliothek Rechtswissenschaft,library,639552895,university,Universitätsbibliothek der Humboldt-Universität zu Berlin,Bebelplatz,1,10117,Berlin,DE,Mo-Fr 09:00-21:30; Sa 09:00-18:00; Su 13:00-18:00,limited,yes,,wlan,DE-11-68,,,+49 30 209 33374,,http://info.ub.hu-berlin.de/bibliothek/zweigbibliotheken/jurist/jurist.html,,+49 30 209 33374,http://info.ub.hu-berlin.de/bibliothek/zweigbibliotheken/jurist/jurist.html,13.3932385,52.5164298,POINT (13.3932385 52.5164298),Mitte,Mitte,0101,11001001
Comicbibliothek Renate,library,665121783,,,Tucholskystraße,32,10117,Berlin,DE,,no,,,,,,,+49 30 97005815;+49 30 97005816,http://www.renatecomics.de/,,,+49 30 97005815;+49 30 97005816,http://www.renatecomics.de/,13.3937348,52.5261368,POINT (13.3937348 52.5261368),Mitte,Mitte,0101,11001001
Heinrich-Böll-Bibliothek,library,737212457,,,Greifswalder Straße,87,10409,Berlin,DE,"Mo-Tu, Th-Fr 09:00-19:00; We 13:00-19:00; Sa-Su 10:00-19:00",yes,,,wlan,DE-B457,,,,https://www.berlin.de/stadtbibliothek-pankow/bibliotheken/heinrich-boell-bibliothek/,,,,https://www.berlin.de/stadtbibliothek-pankow/bibliotheken/heinrich-boell-bibliothek/,13.4408459,52.5418167,POINT (13.4408459 52.5418167),Pankow,Prenzlauer Berg,0301,11003003
Adolf-Reichwein-Bibliothek,library,795561505,,,Berkaer Straße,7,14199,Berlin,DE,"Mo-Fr 14:00-18:00; Sa,Su,PH off",yes,,,wlan,,,,,http://www.berlin.de/ba-charlottenburg-wilmersdorf/org/bibliotheken/adolfreichweinbibliothek.html,,,,http://www.berlin.de/ba-charlottenburg-wilmersdorf/org/bibliotheken/adolfreichweinbibliothek.html,13.2878878,52.4775843,POINT (13.2878878 52.4775843),Charlottenburg-Wilmersdorf,Schmargendorf,0403,11004004
Zweigbibliothek Klassische Archäologie,library,1070809009,university,Universitätsbibliothek der Humboldt-Universität zu Berlin,Unter den Linden,6,10117,Berlin,DE,Mo-Th 10:00-16:00; PH off,limited,,1,wlan,DE-11-88,archaeologie@ub.hu-berlin.de,+49 30 2093 2234,,https://www.ub.hu-berlin.de/de/standorte/zwbarchaeologie,,archaeologie@ub.hu-berlin.de,+49 30 2093 2234,https://www.ub.hu-berlin.de/de/standorte/zwbarchaeologie,13.3928706,52.5190211,POINT (13.3928706 52.5190211),Mitte,Mitte,0101,11001001
Zweigbibliothek Fremdsprachliche Philologien / Teilbibliothek Großbritannien-Zentrum,library,1070809020,university,Universitätsbibliothek der Humboldt-Universität zu Berlin,Dorotheenstraße,65,10117,Berlin,DE,Mo-Fr 09:00-20:00; PH off,yes,,1;2,wlan,DE-11-149,fremdphilo@ub.hu-berlin.de,+49 30 2093-12377,,,,fremdphilo@ub.hu-berlin.de,+49 30 2093-12377,,13.386705,52.5183016,POINT (13.386705 52.5183016),Mitte,Mitte,0101,11001001
Bodo-Uhse-Bibliothek,library,1346361343,,,Erich-Kurz-Straße,9,10319,Berlin,DE,Mo-Tu 09:00-19:00; We 13:00-19:00; Th-Sa 09:00-18:00,limited,,1,wlan,,,,+49 30 5122102,https://www.berlin.de/stadtbibliothek-lichtenberg/standorte/bodo-uhse-bibliothek/,,,+49 30 5122102,https://www.berlin.de/stadtbibliothek-lichtenberg/standorte/bodo-uhse-bibliothek/,13.5209225,52.4978553,POINT (13.5209225 52.4978553),Lichtenberg,Friedrichsfelde,1101,11011011
Janusz-Korczak-Bibliothek,library,1356847676,,,Berliner Straße,120,13187,Berlin,DE,"Mo,Tu,Th,Fr 09:00-19:00; We 13:00-19:00; Sa,Su 10:00-19:00",limited,,,wlan,DE-B462,,,,https://www.berlin.de/stadtbibliothek-pankow/bibliotheken/janusz-korczak-bibliothek/,,,,https://www.berlin.de/stadtbibliothek-pankow/bibliotheken/janusz-korczak-bibliothek/,13.4123577,52.568454,POINT (13.4123577 52.568454),Pankow,Pankow,0307,11003003
Ingeborg-Bachmann-Bibliothek,library,1362209543,,,Nehringstraße,10,14059,Berlin,DE,"Mo,We,Th,Fr 14:00-18:00; PH off",yes,,,wlan,,,,+4930902924313,,http://www.berlin.de/ba-charlottenburg-wilmersdorf/verwaltung/bibliotheken/artikel.194044.php,,+4930902924313,http://www.berlin.de/ba-charlottenburg-wilmersdorf/verwaltung/bibliotheken/artikel.194044.php,13.2939985,52.5145468,POINT (13.2939985 52.5145468),Charlottenburg-Wilmersdorf,Charlottenburg,0401,11004004
Bibliothek des Friedrich-Meinecke-Instituts und des Kunsthistorisches Instituts,library,1425169658,,,Koserstraße,20,14195,Berlin,DE,,limited,no,,,,,,+493083854550,,http://www.ub.fu-berlin.de/fbb/gesch-kultur/kug809.html,,+493083854550,http://www.ub.fu-berlin.de/fbb/gesch-kultur/kug809.html,13.2947799,52.4613917,POINT (13.2947799 52.4613917),Steglitz-Zehlendorf,Dahlem,0605,11006006
Trude-Jugend-Bib,library,1445349886,,,Bat-Yam-Platz,1,12353,Berlin,DE,,yes,,,,,,,,https://www.berlin.de/stadtbibliothek-neukoelln/bibliotheken/gertrud-junge-bibliothek/,,,,https://www.berlin.de/stadtbibliothek-neukoelln/bibliotheken/gertrud-junge-bibliothek/,13.4622976,52.4255455,POINT (13.4622976 52.4255455),Neukölln,Gropiusstadt,0805,11008008
Else-Ury-Bibliothek,library,1472976631,,,Glogauer Straße,13,10999,Berlin,DE,"Mo 13:00-18:00;
Tu 10:00-15:00;
Th 13:00-18:00;
Fr 12:00-17:00",no,,,wlan,,,,+49 30 22502613,,https://www.berlin.de/stadtbibliothek-friedrichshain-kreuzberg/bibliotheken/familienbibliothek-else-ury/,,+49 30 22502613,https://www.berlin.de/stadtbibliothek-friedrichshain-kreuzberg/bibliotheken/familienbibliothek-else-ury/,13.4362136,52.4925504,POINT (13.4362136 52.4925504),Friedrichshain-Kreuzberg,Kreuzberg,0202,11002002
Die Bibliothek Wirtschaft und Management,library,1481377095,,,Straße des 17. Juni,135,10623,Berlin,DE,"Apr-Jul,Oct-Feb: Mo-Fr 09:00-21:00; Apr-Jul,Oct-Feb: Sa 10:00-16:00; Mar,Aug-Sep: Mo-Fr 10:00-21:00; Mar,Aug-Sep: Sa 10:00-16:00",yes,,5,wlan,,,,+49 30 31422601,,https://www.dbwm.tu-berlin.de/menue/startseite/,,+49 30 31422601,https://www.dbwm.tu-berlin.de/menue/startseite/,13.3262714,52.5121417,POINT (13.3262714 52.5121417),Charlottenburg-Wilmersdorf,Charlottenburg,0401,11004004
Fachbibliothek Kurdologie,library,1670728349,,Europäisches Zentrum für Kurdische Studien - Berliner Gesellschaft zur Förderung der Kurdologie e. V.,Emser Straße,26,12051,Berlin,DE,"Mo-Fr 11:00-16:00, ""Nach Vereinbarung""",,,,,,,,,,,,,,13.4339544,52.4690497,POINT (13.4339544 52.4690497),Neukölln,Neukölln,0801,11008008
Bibliothek der Freien,library,1684737379,,,Greifswalder Straße,4,10405,Berlin,DE,"Th, Fr 18:00-20:00; PH off",limited,yes,1,no,DE-B1576,,,+49 30 7521768,,https://www.bibliothekderfreien.de/,DieFreien@BibliothekderFreien.de,+49 30 7521768,https://www.bibliothekderfreien.de/,13.4254805,52.5286995,POINT (13.4254805 52.5286995),Pankow,Prenzlauer Berg,0301,11003003
Archiv für Alternativkultur,library,1685672555,,,Anton-Wilhelm-Amo-Straße,41,10117,Berlin,DE,,,,,,,,,,http://www.fis-kultur.net/alternativkultur/,,,,http://www.fis-kultur.net/alternativkultur/,13.3957618,52.5127362,POINT (13.3957618 52.5127362),Mitte,Mitte,0101,11001001
Johanna-Moosdorf-Bibliothek,library,1818848292,,,Westendallee,45,14052,Berlin,DE,"Tu,Fr 14:00-18:00; We 12:00-18:00; Th 10:00-16:00",no,,,wlan,,,,,,,,,,13.2586101,52.5106578,POINT (13.2586101 52.5106578),Charlottenburg-Wilmersdorf,Westend,0405,11004004
Kurt-Tucholsky-Bibliothek,library,1863570970,public,"Bezirksamt Pankow von Berlin, Amt für Weiterbildung und Kultur",Esmarchstraße,18,10407,Berlin,Germany,"Mo, We-Fr 13:00-18:00; Tu 10:00-15:00; Sa 11:00-13:00",no,,,,,kurt-tucholsky-bibliothek@ba-pankow.berlin.de,+49 30 902 95 3 963,,https://www.berlin.de/stadtbibliothek-pankow/bibliotheken/kurt-tucholsky-bibliothek/,,kurt-tucholsky-bibliothek@ba-pankow.berlin.de,+49 30 902 95 3 963,https://www.berlin.de/stadtbibliothek-pankow/bibliotheken/kurt-tucholsky-bibliothek/,13.4321724,52.5328818,POINT (13.4321724 52.5328818),Pankow,Prenzlauer Berg,0301,11003003
Artothek,library,1874529829,,,Hohenzollerndamm,176,10713,Berlin,DE,"Mo off ; Tu,Th,Fr 11:00-17:00 ; We 11:00-19:00",yes,,,,,,,+49 30 9029-16709,,,info@artothek.charlottenburg-wilmersdorf.de,+49 30 9029-16709,,13.3118736,52.489441,POINT (13.3118736 52.489441),Charlottenburg-Wilmersdorf,Wilmersdorf,0402,11004004
"Bibliothek für Sozialwissenschaften und Osteuropastudien, Stiller Lesesaal",library,1933757018,university,Freie Universität Berlin,Ihnestraße,21,14195,Berlin,DE,,yes,,,,,,,,,,,,,13.2769658,52.449221,POINT (13.2769658 52.449221),Steglitz-Zehlendorf,Dahlem,0605,11006006
Kunstbibliothek,library,2094774970,,,Matthäikirchplatz,6,10785,Berlin,Germany,"Mo-Tu off; We-Fr 10:00-17:00; Sa-Su,PH 10:00-18:00; Jan 1 12:00-18:00; Dec 24,Dec 31 off",yes,no,,wlan,DE-B11,,,,https://www.smb.museum/museen-einrichtungen/kunstbibliothek/home,,,,https://www.smb.museum/museen-einrichtungen/kunstbibliothek/home,13.3669367,52.5085131,POINT (13.3669367 52.5085131),Mitte,Tiergarten,0104,11001001
Das Buddhistische Haus,library,2270319509,,,Oppenheimer Weg,,13465,Berlin,Germany,Mo-Su 09:00-18:00,no,,,,,,,,,,,,,13.3029182,52.635613,POINT (13.3029182 52.635613),Reinickendorf,Frohnau,1205,11012012
La Rayuela,library,2402339489,,,Südstern,2,10961,Berlin,DE,Mo-Fr 10:00-19:00; Sa 10:00-16:00,no,,,,,info@la-rayuela.de,+49 30 44013293,,https://la-rayuela.typepad.com/,,info@la-rayuela.de,+49 30 44013293,https://la-rayuela.typepad.com/,13.4056371,52.4900049,POINT (13.4056371 52.4900049),Friedrichshain-Kreuzberg,Kreuzberg,0202,11002002
"Institut Français Berlin, Mediathek",library,2479053622,,,Kurfürstendamm,211,10719,Berlin,DE,"Tu,Th 14:00-18:30; We,Fr 12:00-18:30; Sa 11:00-17:00; Mo off",limited,no,,,DE-B452,,,,https://berlin.institutfrancais.de/mediathek,,,,https://berlin.institutfrancais.de/mediathek,13.3248746,52.5021314,POINT (13.3248746 52.5021314),Charlottenburg-Wilmersdorf,Charlottenburg,0401,11004004
Stadtteilbibliothek Altglienicke im Bürgerhaus,library,2571245538,,,Ortolfstraße,182,12524,Berlin,DE,,,,,,,,+49 30 902976722,,,,,+49 30 902976722,,13.5286278,52.4033811,POINT (13.5286278 52.4033811),Treptow-Köpenick,Altglienicke,0906,11009009
Archiv der Jugendkulturen,library,2644700001,,,Fidicinstraße,3,10965,Berlin,Germany,,,,,,DE-2323,,,,https://jugendkulturen.de,,,,https://jugendkulturen.de,13.389689,52.4864803,POINT (13.389689 52.4864803),Friedrichshain-Kreuzberg,Kreuzberg,0202,11002002
Patientenbibliothek,library,2777497901,,Charité Mitte,Bonhoefferweg,4,10117,Berlin,Germany,"Mo,Tu,Th 12:00-16:00; Fr 12:00-15:00",,,,,,,,,,,,,,13.3766679,52.5266936,POINT (13.3766679 52.5266936),Mitte,Mitte,0101,11001001
Stadtteilbibliothek,library,2802477601,,,Westerwaldstraße,,13589,Berlin,Germany,"Tu,We,Fr 12:00-17:00; Mo,Th 13:00-19:00",yes,,,,,,,,,,,,,13.1780019,52.5499724,POINT (13.1780019 52.5499724),Spandau,Falkenhagener Feld,0508,11005005
Kulturpost und Bibliothek,library,2964523835,,Leben in Wilhelmsruh,Hauptstraße,32,13158,Berlin,DE,"Mo,Di,Do 14:00-19:00; Mi,Fr,Sa 10:00-13:00",,,,,,info@leben-in-wilhelmsruh.de,+49 30 40724848,,https://www.leben-in-wilhelmsruh.de/,,info@leben-in-wilhelmsruh.de,+49 30 40724848,https://www.leben-in-wilhelmsruh.de/,13.3678296,52.5871192,POINT (13.3678296 52.5871192),Pankow,Wilhelmsruh,0313,11003003
kalabal!k,library,3203713887,,kalabal!k,Reichenberger Straße,63a,10999,Berlin,DE,We 17:00-20:00; Su 15:00-18:00,no,,,,,kalabalik@riseup.net,,,https://kalabalik.blackblogs.org/,,kalabalik@riseup.net,,https://kalabalik.blackblogs.org/,13.4307312,52.4952361,POINT (13.4307312 52.4952361),Friedrichshain-Kreuzberg,Kreuzberg,0202,11002002
Universitätsarchiv,library,3428467245,university,Universitätsbibliothek der Freien Universität Berlin,Malteserstraße,74-100,12249,Berlin,DE,"We,Th 09:00-16:00",yes,,,,,,,,,,,,,13.3587376,52.4260423,POINT (13.3587376 52.4260423),Steglitz-Zehlendorf,Lankwitz,0603,11006006
Schulbiblothek,library,3478842465,,Sophie-Scholl-Oberschule,Pallasstraße,,10781,Berlin,Germany,,,,,,,,,,,,,,,13.3578235,52.4943297,POINT (13.3578235 52.4943297),Tempelhof-Schöneberg,Schöneberg,0701,11007007
Joseph Wulf Bibliothek,library,3518345658,,,Am Großen Wannsee,58,14109,Berlin,DE,"Mo-Fr 11:00-16:00; PH,Sa,Su off",,,,,DE-B1525,,,+49 30 805 00120,,https://www.ghwk.de/de/bibliothek,library@ghwk.de,+49 30 805 00120,https://www.ghwk.de/de/bibliothek,13.1656465,52.4327843,POINT (13.1656465 52.4327843),Steglitz-Zehlendorf,Wannsee,0607,11006006
Bibliothek des Deutschen Bundestages,library,3806550974,government,Deutscher Bundestag,Adele-Schreiber-Krieger-Straße,1,10117,Berlin,DE,"""nicht öffentlich zugänglich; nur auf Antrag""",,,,,DE-281,,,+49 30 22733073,,https://www.bundestag.de/dokumente/bibliothek,,+49 30 22733073,https://www.bundestag.de/dokumente/bibliothek,13.3772992,52.5202388,POINT (13.3772992 52.5202388),Mitte,Mitte,0101,11001001
Bibliothek Tiergarten-Süd,library,3837620248,,,Lützowstraße,27,10785,Berlin,DE,Mo-Fr 12:30-18:00,yes,,,,,,,,https://www.berlin.de/stadtbibliothek-mitte/bibliotheken/bibliothek-tiergarten-sued/,,,,https://www.berlin.de/stadtbibliothek-mitte/bibliotheken/bibliothek-tiergarten-sued/,13.3634291,52.5037597,POINT (13.3634291 52.5037597),Mitte,Tiergarten,0104,11001001
Umweltbibliothek,library,3952396497,,Umweltbundesamt,Bismarckplatz,1,14193,Berlin,Germany,,,,,,,,,,,,,,,13.2826514,52.4921781,POINT (13.2826514 52.4921781),Charlottenburg-Wilmersdorf,Grunewald,0404,11004004
Anna-Seghers-Bibliothek,library,3981795844,,,Prerower Platz,2,13051,Berlin,DE,"Mo,Tu 09:00-19:00; We 13:00-19:00; Th,Fr 09:00-18:00; Sa 09:00-13:00",yes,,"1,2,3",,,,,+49 30 92796410,,https://www.berlin.de/stadtbibliothek-lichtenberg/standorte/anna-seghers-bibliothek/,,+49 30 92796410,https://www.berlin.de/stadtbibliothek-lichtenberg/standorte/anna-seghers-bibliothek/,13.5061185,52.5649762,POINT (13.5061185 52.5649762),Lichtenberg,Neu-Hohenschönhausen,1109,11011011
Bibliothek der Stiftung Topographie des Terrors,library,4114649179,,,Niederkirchnerstraße,8,10963,Berlin,DE,Mo-Fr 10:00-17:00,yes,,,wlan,,bibliothek@topographie.de,+4930 254509-23,,https://www.topographie.de/bibliothek/,,bibliothek@topographie.de,+4930 254509-23,https://www.topographie.de/bibliothek/,13.383896,52.5067416,POINT (13.383896 52.5067416),Friedrichshain-Kreuzberg,Kreuzberg,0202,11002002
Zweigbibliothek Asien-/Afrikawissenschaften und Islamische Theologie,library,4221527005,university,Universitätsbibliothek der Humboldt-Universität zu Berlin,Invalidenstraße,118,10115,Berlin,DE,Mo-Fr 09:00-17:00,yes,,0,yes,DE-11-103,,,+49 30 209366093,,https://www.ub.hu-berlin.de/de/standorte/zwbasienafrika,asa@ub.hu-berlin.de,+49 30 209366093,https://www.ub.hu-berlin.de/de/standorte/zwbasienafrika,13.3859469,52.5305537,POINT (13.3859469 52.5305537),Mitte,Mitte,0101,11001001
Stadtteilbibliothek Kladow,library,4271022996,,Stadtbibliothek Spandau,Sakrower Landstraße,2,14089,Berlin,Germany,"Mo,Th 13:00-19:00; Tu,We 13:00-17:00; Fr 09:00-15:00",yes,yes,0,terminal,,,+49 30 8161-5889,,http://www.berlin.de/stadtbibliothek-spandau/bibliotheken/kladow/artikel.182136.php,,,+49 30 8161-5889,http://www.berlin.de/stadtbibliothek-spandau/bibliotheken/kladow/artikel.182136.php,13.1429895,52.453258,POINT (13.1429895 52.453258),Spandau,Kladow,0506,11005005
Bibliothek Am Wasserturm,library,4432723694,,,Prenzlauer Allee,227-228,10405,Berlin,Germany,Mo-Sa 08:00-22:00,,yes,,wlan,,,+49 30 902953921,,https://www.berlin.de/stadtbibliothek-pankow/bibliotheken/bibliothek-am-wasserturm/,,,+49 30 902953921,https://www.berlin.de/stadtbibliothek-pankow/bibliotheken/bibliothek-am-wasserturm/,13.419505,52.5331584,POINT (13.419505 52.5331584),Pankow,Prenzlauer Berg,0301,11003003
Bibliothek,library,4706616647,public,Stiftung Topographie des Terrors,Britzer Straße,5,12439,Berlin,Germany,,yes,,,yes,DE-2401,bibliothek-sw@topographie.de,+49 30 63 90 288 23,,https://www.ns-zwangsarbeit.de/bibliothek/,,bibliothek-sw@topographie.de,+49 30 63 90 288 23,https://www.ns-zwangsarbeit.de/bibliothek/,13.5189284,52.4525785,POINT (13.5189284 52.4525785),Treptow-Köpenick,Niederschöneweide,0905,11009009
Medienforum Berlin,library,4805428213,,,Levetzowstraße,1-2,10555,Berlin,Germany,"Mo,Tu 13:00-18:00; We 10:00-15:00; Th 13:00-18:00",,,,,DE-B1585,mf.info@senbjw.berlin.de,+49 30 90 22 99-111,,https://www.berlin.de/sen/bildung/unterricht/medien/medienforum/,,mf.info@senbjw.berlin.de,+49 30 90 22 99-111,https://www.berlin.de/sen/bildung/unterricht/medien/medienforum/,13.3308065,52.5222118,POINT (13.3308065 52.5222118),Mitte,Moabit,0102,11001001
Hansabibliothek,library,4806499594,,,Altonaer Straße,15,10557,Berlin,Germany,"Mo, Fr 13:00-19:30; Tu-Th 12:00-18:00; Sa 10:00-14:00",yes,yes,,,,service@stb-mitte.de,+4930901832156,,https://www.berlin.de/stadtbibliothek-mitte/bibliotheken/hansabibliothek/,,service@stb-mitte.de,+4930901832156,https://www.berlin.de/stadtbibliothek-mitte/bibliotheken/hansabibliothek/,13.3427522,52.5170943,POINT (13.3427522 52.5170943),Mitte,Hansaviertel,0103,11001001
unknown,library,5062614778,,,Alt-Moabit,140,10557,Berlin,Germany,,,,1,,,,,,,,,,,13.3638336,52.521758,POINT (13.3638336 52.521758),Mitte,Moabit,0102,11001001
Zweigbibliothek Musikwissenschaft,library,5245440325,university,Universitätsbibliothek der Humboldt-Universität zu Berlin,Am Kupfergraben,5,10117,Berlin,DE,"Mo-Fr 10:00-18:00; Feb 17-Apr 10, PH Mo-Fr 10:00-16:00",yes,,,yes,DE-11-128,,,+49 30 20932788,,https://www.ub.hu-berlin.de/de/standorte/zwbmusikwissenschaft,musikwissenschaften@ub.hu-berlin.de,+49 30 20932788,https://www.ub.hu-berlin.de/de/standorte/zwbmusikwissenschaft,13.395109,52.5203781,POINT (13.395109 52.5203781),Mitte,Mitte,0101,11001001
Peter-Weiss-Bibliothek,library,5275440213,,AGRARBÖRSE Deutschland Ost e.V.,Hellersdorfer Promenade,24,12627,Berlin,Germany,"Tu,We 14:00-18:00; PH off || ""nach Vereinbarung""",,,,terminal,,pwb-hellersdorf@peter-weiss-bibliothek.de,+49 30 99282525,,https://www.peter-weiss-bibliothek.de/,,pwb-hellersdorf@peter-weiss-bibliothek.de,+49 30 99282525,https://www.peter-weiss-bibliothek.de/,13.6068282,52.5416071,POINT (13.6068282 52.5416071),Marzahn-Hellersdorf,Hellersdorf,1005,11010010
Bibliothek im Märkischen Viertel,library,5318467222,public,"Bezirksamt Reinickendorf Abteilung Bauen, Bildung und Kultur",Wilhelmsruher Damm,142c,13439,Berlin,Germany,"Mo 13:00-19:00; Tu,We 11:00-17:00; Th 13:00-19:00; Fr 11:00-17:00",,,,,,,+49 30 902943833,,https://www.berlin.de/stadtbibliothek-reinickendorf/bibliotheken/bibliothek-im-maerkischen-viertel/bibliothek-im-maerkischen-viertel-im-fontane-haus-336916.php,,,+49 30 902943833,https://www.berlin.de/stadtbibliothek-reinickendorf/bibliotheken/bibliothek-im-maerkischen-viertel/bibliothek-im-maerkischen-viertel-im-fontane-haus-336916.php,13.3523189,52.5976675,POINT (13.3523189 52.5976675),Reinickendorf,Märkisches Viertel,1210,11012012
Charité Medizinische Bibliothek Campus Mitte,library,5533888846,,,Philippstraße,11/12,10115,Berlin,DE,Mo-Fr 09:00-20:00,,,0,wlan,,,,,https://bibliothek.charite.de/,,,,https://bibliothek.charite.de/,13.3801597,52.5261622,POINT (13.3801597 52.5261622),Mitte,Mitte,0101,11001001
Stadtteilbibliothek Frohnau,library,5643477411,,,Fuchssteinerweg,17,13465,Berlin,DE,Mo 13:00-19:00; Tu 13:00-17:00; We off; Th 13:00-19:00; Fr 11:00-17:00,yes,,,wlan,,,,+49 30 4010 9171,,https://www.berlin.de/stadtbibliothek-reinickendorf/bibliotheken/stadtteilbibliothek-frohnau/artikel.336740.php,Bibliothek.Frohnau@gmail.com,+49 30 4010 9171,https://www.berlin.de/stadtbibliothek-reinickendorf/bibliotheken/stadtteilbibliothek-frohnau/artikel.336740.php,13.295141,52.63544,POINT (13.295141 52.63544),Reinickendorf,Frohnau,1205,11012012
Kurt-Tucholsky-Bibliothek,library,5735063971,,,Rostocker Straße,32b,10553,Berlin,DE,"Mo-Th 12:30-18:00; Fr,Sa,Su,PH off",yes,yes,,,,,,,https://www.berlin.de/stadtbibliothek-mitte/bibliotheken/kurt-tucholsky-bibliothek/,,,,https://www.berlin.de/stadtbibliothek-mitte/bibliotheken/kurt-tucholsky-bibliothek/,13.3262022,52.531583,POINT (13.3262022 52.531583),Mitte,Moabit,0102,11001001
Stadtteilbibliothek Haselhorst,library,5798364681,,Bezirksamt Spandau von Berlin,Gartenfelder Straße,104,13599,Berlin,DE,"Mo,Th 13:00-19:00; Tu,We,Fr 13:00-17:00",yes,,,wlan,,,,,,https://www.berlin.de/stadtbibliothek-spandau/bibliotheken/haselhorst/stadtteilbibliothek-haselhorst-182097.php,,,https://www.berlin.de/stadtbibliothek-spandau/bibliotheken/haselhorst/stadtteilbibliothek-haselhorst-182097.php,13.2390484,52.5429259,POINT (13.2390484 52.5429259),Spandau,Haselhorst,0502,11005005
Patientenbibliothek,library,5838369566,,,Grazer Damm,,12157,Berlin,Germany,"Mo,Tu,Fr 13:00-17:00; Th 15:00-18:00",,,,yes,,,,,,,,,,13.347826,52.4602755,POINT (13.347826 52.4602755),Tempelhof-Schöneberg,Schöneberg,0701,11007007
Bücherstube,library,5977960159,,Berliner Gesellschaft für Integration mbH,Briesestraße,79,12053,Berlin,DE,Mo-Fr 08:00-14:00,,,,,,,,+49 30 68975904,,,,+49 30 68975904,,13.4273818,52.4769397,POINT (13.4273818 52.4769397),Neukölln,Neukölln,0801,11008008
Zweigbibliothek Germanistik,library,6046124564,university,Universitätsbibliothek der Humboldt-Universität zu Berlin,Dorotheenstraße,24,10117,Berlin,DE,Mo-Fr 09:30-19:00,yes,,0;-1,wlan,DE-11-105,germ@ub.hu-berlin.de,+49 30 2093-9782,,,https://www.ub.hu-berlin.de/de/standorte/zwbgermanistik,germ@ub.hu-berlin.de,+49 30 2093-9782,https://www.ub.hu-berlin.de/de/standorte/zwbgermanistik,13.3927337,52.520016,POINT (13.3927337 52.520016),Mitte,Mitte,0101,11001001
Mathematische Fachbibliothek,library,6275993185,,,Straße des 17. Juni,136,10623,Berlin,DE,Mo-Fr 08:00-21:00; Sa 10:00-18:00,,,,wlan,,library@math.tu-berlin.de,+49 30 314 22749,,https://www.math.tu-berlin.de/mfb/mfb/,,library@math.tu-berlin.de,+49 30 314 22749,https://www.math.tu-berlin.de/mfb/mfb/,13.3251316,52.5140827,POINT (13.3251316 52.5140827),Charlottenburg-Wilmersdorf,Charlottenburg,0401,11004004
ESCP Bibliothek am Campus Berlin,library,6508696687,,,Heubnerweg,8-10,14059,Berlin,Germany,Mo-Th 09:00-21:00; Fr 09:00-17:00,,,,,,,,,,,,,,13.2890223,52.5242453,POINT (13.2890223 52.5242453),Charlottenburg-Wilmersdorf,Charlottenburg,0401,11004004
Bibliothek Rechtswissenschaft,library,6720863485,university,Universitätsbibliothek der Freien Universität Berlin,Van't-Hoff-Straße,8,14195,Berlin,DE,Mo-Fr 09:00-22:00; Sa 09:00-20:00; Su 12:00-20:00,yes,yes,,,DE-188-808,,,+49 30 83852161,,https://www.jura.fu-berlin.de/bibliothek/,,+49 30 83852161,https://www.jura.fu-berlin.de/bibliothek/,13.2813366,52.4478314,POINT (13.2813366 52.4478314),Steglitz-Zehlendorf,Dahlem,0605,11006006
ICI Berlin,library,6880841994,,,Christinenstraße,18-19,10119,Berlin,DE,,yes,,,,,,+49 30 473 7291-10,,https://www.ici-berlin.org/library/,,,+49 30 473 7291-10,https://www.ici-berlin.org/library/,13.4107782,52.5321836,POINT (13.4107782 52.5321836),Pankow,Prenzlauer Berg,0301,11003003
"Bildagentur für Kunst, Kultur und Geschichte",library,6976235391,,Stiftung Preußischer Kulturbesitz,Märkisches Ufer,16;18,10179,Berlin,Germany,Mo-Fr 09:00-17:00,,,,,DE-1b,,,+49 30 27 87 92-0,,https://www.bpk-bildagentur.de/,kontakt@bpk-images.de,+49 30 27 87 92-0,https://www.bpk-bildagentur.de/,13.4103123,52.5128877,POINT (13.4103123 52.5128877),Mitte,Mitte,0101,11001001
Teilbibliothek Japanologie,library,7232178641,university,Universitätsbibliothek der Humboldt-Universität zu Berlin,Johannisstraße,10,10117,Berlin,Germany,Mo-Th 10:00-15:30; Fr 10:00-14:00; Mar 6-31 off,,,0,wlan,,asa@ub.hu-berlin.de,+49 30 2093-66 130,,,,asa@ub.hu-berlin.de,+49 30 2093-66 130,,13.3920937,52.5246239,POINT (13.3920937 52.5246239),Mitte,Mitte,0101,11001001
Bibliothek der Jüdischen Gemeinde,library,7798570856,,,Lotte-Lenya-Bogen,,10623,Berlin,Germany,,,,,,,,,,,,,,,13.3283687,52.5043465,POINT (13.3283687 52.5043465),Charlottenburg-Wilmersdorf,Charlottenburg,0401,11004004
Katholische öffentliche Bücherei,library,8097837782,,,Pfarrer-Lütkehaus-Platz,,12307,Berlin,Germany,"""Jeden 1. und 3. Sonntag im Monat von 9:30-12:30 Uhr geöffnet.""",,,,,,,,,,,,,,13.3980521,52.3859756,POINT (13.3980521 52.3859756),Tempelhof-Schöneberg,Lichtenrade,0706,11007007
Stadtteilbibliothek Kaulsdorf,library,8151138614,,,Neue Grottkauer Straße,5,12619,Berlin,DE,"Mo,Tu,Th 12:00-19:00; We,Fr 09:00-13:00; Sa,Su,PH off",yes,,1,,,,,,https://www.berlin.de/bibliotheken-mh/bibliotheken/stadtteilbibliothek-kaulsdorf-nord/,,,,https://www.berlin.de/bibliotheken-mh/bibliotheken/stadtteilbibliothek-kaulsdorf-nord/,13.5928919,52.5293637,POINT (13.5928919 52.5293637),Marzahn-Hellersdorf,Hellersdorf,1005,11010010
Stadtteilbibliothek Heerstraße,library,8435515108,,,Obstallee,22F,13593,Berlin,DE,,,,,,,,,,,https://www.berlin.de/stadtbibliothek-spandau/bibliotheken/heerstrasse/stadtteilbibliothek-heerstrasse-182099.php,,,https://www.berlin.de/stadtbibliothek-spandau/bibliotheken/heerstrasse/stadtteilbibliothek-heerstrasse-182099.php,13.1654101,52.5224043,POINT (13.1654101 52.5224043),Spandau,Staaken,0504,11005005
Stefan-Heym-Kinderbibliothek,library,9067856748,,,Dörpfeldstraße,52,12489,Berlin,Germany,"Mo,We-Su off; Tu 11:00-18:00",yes,,0,,,stadtbibliothek-adlershof@ba-tk.berlin.de,,+49 30 902975731,,https://www.berlin.de/stadtbibliothek-treptow-koepenick/bibliotheken/adlershof/,stadtbibliothek-adlershof@ba-tk.berlin.de,+49 30 902975731,https://www.berlin.de/stadtbibliothek-treptow-koepenick/bibliotheken/adlershof/,13.5496155,52.4385838,POINT (13.5496155 52.4385838),Treptow-Köpenick,Adlershof,0907,11009009
Gertrud-Junge-Bibliothek,library,9077951933,,,Bat-Yam-Platz,1,12353,Berlin,DE,"Mo, Fr 11:00-15:00; Tu-Th 13:00-19:00",,,,,,,,+49 30 902391494,,https://www.gropiusstadt-berlin.de/einrichtungen-projekte/stadtteilbibliothek-im-gemeinschaftshaus,gemeinschaftshaus@stadtbibliothek-neukoelln.de,+49 30 902391494,https://www.gropiusstadt-berlin.de/einrichtungen-projekte/stadtteilbibliothek-im-gemeinschaftshaus,13.4620726,52.425675,POINT (13.4620726 52.425675),Neukölln,Gropiusstadt,0805,11008008
Gertrud-Haß-Bibliothek,library,9347421347,,,Alt-Rudow,45,12357,Berlin,DE,"Mo,We,Fr 11:00-15:00; Tu,Th 13:00-18:00",yes,,,yes,,,,+49 30 902391940,,https://www.berlin.de/stadtbibliothek-neukoelln/bibliotheken/gertrud-hass-bibliothek/,rudow@stadtbibliothek-neukoelln.de,+49 30 902391940,https://www.berlin.de/stadtbibliothek-neukoelln/bibliotheken/gertrud-hass-bibliothek/,13.4943156,52.4189356,POINT (13.4943156 52.4189356),Neukölln,Rudow,0804,11008008
Kollektivbibliothek,library,9780942686,,,Mariannenplatz,2B,10997,Berlin,DE,,,,,,,,,,,https://kollektivbibliothek.noblogs.org/,,,https://kollektivbibliothek.noblogs.org/,13.4230798,52.5037159,POINT (13.4230798 52.5037159),Friedrichshain-Kreuzberg,Kreuzberg,0202,11002002
Bereichsbibliothek Architektur und Kunstwissenschaft,library,10197004045,,,Straße des 17. Juni,152,10623,Berlin,Germany,Mo-Fr 10:00-20:00,yes,,,wlan,,,+493031422414,,,,,+493031422414,,13.3240024,52.5133684,POINT (13.3240024 52.5133684),Charlottenburg-Wilmersdorf,Charlottenburg,0401,11004004
Bereichsbibliothek Physik,library,11309948213,,,Hardenbergstraße,36,10623,Berlin,Germany,,,,2,,DE-83-1022,,,,,,,,,13.3240187,52.5109671,POINT (13.3240187 52.5109671),Charlottenburg-Wilmersdorf,Charlottenburg,0401,11004004
BIbliothek des Schiller-Gymnasiums,library,11446515471,,,Schillerstraße,125,10625,Berlin,Germany,Mo-Fr 09:30-13:00,,,,,,,,,https://sgym.de/schulorganisation/schulbibliothek/,,,,https://sgym.de/schulorganisation/schulbibliothek/,13.3212359,52.5104545,POINT (13.3212359 52.5104545),Charlottenburg-Wilmersdorf,Charlottenburg,0401,11004004
WiKo Bibliothek,library,11585204402,,Evangelisches Johannesstift Berlin,Schönwalder Allee,26,13587,Berlin,Germany,24/7,,,,,,,,,,,,,,13.1967881,52.5698457,POINT (13.1967881 52.5698457),Spandau,Hakenfelde,0507,11005005
Stefan-Heym-Erwachsenenbibliothek,library,11778098531,,,Dörpfeldstraße,54,12489,Berlin,Germany,"Mo-We,Fr-Su off; Th 11:00-18:00",,,,,,,,+49 30 902975731,,https://www.berlin.de/stadtbibliothek-treptow-koepenick/bibliotheken/adlershof/,stadtbibliothek-adlershof@ba-tk.berlin.de,+49 30 902975731,https://www.berlin.de/stadtbibliothek-treptow-koepenick/bibliotheken/adlershof/,13.5497223,52.4388718,POINT (13.5497223 52.4388718),Treptow-Köpenick,Adlershof,0907,11009009
HWR Bibliothek Campus Lichtenberg,library,11805773403,,,Alt-Friedrichsfelde,60,10315,Berlin,Germany,Mo 10:00-18:00; Tu-Th 10:00-19:00; Fr 10:00-17:00,yes,,,,,,,+49 30 30877-2598,,http://www.hwr-berlin.de/service/bibliothek/campus-lichtenberg/,,+49 30 30877-2598,http://www.hwr-berlin.de/service/bibliothek/campus-lichtenberg/,13.526379,52.5079479,POINT (13.526379 52.5079479),Lichtenberg,Friedrichsfelde,1101,11011011
Zentralbibliothek der Freien Universität Berlin,library,12160416171,university,Universitätsbibliothek der Freien Universität Berlin,Garystraße,39,14195,Berlin,DE,Mo-Fr 09:00-20:00,limited,,,wlan,DE-188,,,,,http://www.ub.fu-berlin.de,,,http://www.ub.fu-berlin.de,13.2777683,52.4481214,POINT (13.2777683 52.4481214),Steglitz-Zehlendorf,Dahlem,0605,11006006
Patentenbibilothek,library,12942410449,,,Bonhoefferweg,,10117,Berlin,Germany,,,,,,,,,,,,,,,13.3766422,52.526706,POINT (13.3766422 52.526706),Mitte,Mitte,0101,11001001
Bibliothek des Konservatismus,library,13233046383,,,Fasanenstraße,4,10623,Berlin,Germany,,,,,,,,,,https://www.bdk-berlin.org/,,,,https://www.bdk-berlin.org/,13.3278048,52.5073595,POINT (13.3278048 52.5073595),Charlottenburg-Wilmersdorf,Charlottenburg,0401,11004004
BoB: Studierenden Zentrum,library,13256958201,,,Arnimallee,14,14195,Berlin,Germany,Mo-Th 08:00-21:00; Fr 08:00-18:00,,,,wlan,,,,,https://www.physik.fu-berlin.de/fachbereich/raeume/bob/index.html,,,,https://www.physik.fu-berlin.de/fachbereich/raeume/bob/index.html,13.2951852,52.456514,POINT (13.2951852 52.456514),Steglitz-Zehlendorf,Dahlem,0605,11006006
Bibliothek des Deutschen Zentralinstituts für Soziale Fragen,library,13301410694,private_non_profit,Deutsches Zentralinstituts für Soziale Fragen,Bernadottestraße,94,14195,Berlin,Germany,Mo-Th 10:00-16:00,,,,,DE-B249,,,,,,,,,13.2924086,52.4653361,POINT (13.2924086 52.4653361),Steglitz-Zehlendorf,Dahlem,0605,11006006
Totschka,library,13308471228,,,Prenzlauer Allee,216,10405,Berlin,Germany,Mo 15:00-18:00; Th 09:00-13:00; Fr 15:00-18:00; Sa 14:00-17:00; Su 11:00-17:00,,,,,,,,+491742099477,https://www.totschka-berlin.de/,,info@totschka-berlin.de,+491742099477,https://www.totschka-berlin.de/,13.4211366,52.5353953,POINT (13.4211366 52.5353953),Pankow,Prenzlauer Berg,0301,11003003
Ilse-Hinze-Bücherei,library,13366816284,,,Dambockstraße,,13503,Berlin,Germany,"We-Mo 11:00-12:30, Di 16:30-18:00, Mi 09:30-11:00(childs), Th 15:30-17:00",,,,,,,,+49 30 4306-651,,,,+49 30 4306-651,,13.2483155,52.6099589,POINT (13.2483155 52.6099589),Reinickendorf,Heiligensee,1204,11012012
Staatsbibliothek zu Berlin,library,180594,public,Preußischer Kulturbesitz,Unter den Linden,8,10117,Berlin,DE,Mo-Sa 08:00-22:00; Su 10:00-18:00,yes,yes,,wlan,DE-1,,,+49 30 266433888,,https://staatsbibliothek-berlin.de/,,+49 30 266433888,https://staatsbibliothek-berlin.de/,13.391510299008777,52.518238546373524,"POLYGON ((13.3923536 52.5175043, 13.3923545 52.5174985, 13.3922237 52.5174907, 13.3922225 52.5174982, 13.3918369 52.5174752, 13.3918381 52.5174675, 13.3916425 52.5174558, 13.3914441 52.517444, 13.3914429 52.517451, 13.3910587 52.517428, 13.3910605 52.5174168, 13.3909287 52.5174089, 13.3909272 52.5174182, 13.3909053 52.5174169, 13.3909036 52.5174276, 13.3908902 52.5174268, 13.3908767 52.5175105, 13.3908911 52.5175114, 13.3908603 52.5177026, 13.3908071 52.5176994, 13.3907905 52.5178019, 13.3908129 52.5178032, 13.3907933 52.517925, 13.3907611 52.5181244, 13.390737 52.5181229, 13.3907229 52.5182106, 13.3907385 52.5182116, 13.3907057 52.5184151, 13.3906899 52.5184142, 13.3906772 52.5184931, 13.3906904 52.5184938, 13.3906885 52.5185058, 13.390703 52.5185066, 13.390665 52.5187422, 13.3906507 52.518831, 13.3906311 52.5188298, 13.3906159 52.5189238, 13.3906396 52.5189252, 13.3906383 52.5189332, 13.3907767 52.5189414, 13.3907778 52.5189344, 13.3912413 52.518962, 13.391239 52.5189768, 13.3913421 52.5189829, 13.3913433 52.518975, 13.391395 52.5189781, 13.3914439 52.518981, 13.3914423 52.5189907, 13.3915411 52.5189966, 13.3915431 52.5189846, 13.3920085 52.5190124, 13.392007 52.5190219, 13.3921439 52.5190301, 13.3921448 52.5190243, 13.3921586 52.5190251, 13.3921597 52.519018, 13.3921695 52.5190186, 13.3921845 52.5189256, 13.3921655 52.5189245, 13.3921881 52.5187847, 13.3922169 52.5186056, 13.3922392 52.5186069, 13.3922405 52.5185989, 13.3922525 52.5185996, 13.3922664 52.5185133, 13.3922561 52.5185127, 13.392277 52.5183835, 13.3922886 52.5183114, 13.3923005 52.5183122, 13.3923138 52.5182292, 13.3922957 52.5182281, 13.3922972 52.5182185, 13.3922859 52.5182178, 13.3923165 52.5180277, 13.3923339 52.5179199, 13.3923375 52.5178979, 13.3923625 52.5178994, 13.3923789 52.517798, 13.3923279 52.517795, 13.392359 52.5176021, 13.3923712 52.5176029, 13.3923847 52.517519, 13.3923717 52.5175182, 13.3923738 52.5175056, 13.3923536 52.5175043), (13.3918067 52.5176233, 13.3918078 52.5176169, 13.3920386 52.5176317, 13.3919998 52.5178554, 13.391703 52.5178363, 13.3917056 52.5178215, 13.3916595 52.5178185, 13.3915815 52.5178135, 13.3915143 52.5178092, 13.3914561 52.5178055, 13.3914534 52.5178208, 13.3911568 52.5178018, 13.3911957 52.5175776, 13.3914252 52.5175924, 13.3914241 52.5175987, 13.3914482 52.5176002, 13.3914473 52.5176057, 13.3914758 52.5176076, 13.3914768 52.5176021, 13.3915508 52.5176068, 13.3915499 52.5176121, 13.3915788 52.517614, 13.3915797 52.5176087, 13.3916163 52.517611, 13.3916512 52.5176133, 13.3916503 52.5176184, 13.3916788 52.5176202, 13.3916797 52.5176151, 13.3917552 52.51762, 13.3917542 52.5176253, 13.3917811 52.517627, 13.391782 52.5176217, 13.3918067 52.5176233), (13.3922198 52.5178416, 13.3922075 52.5179219, 13.3920793 52.5179146, 13.3920916 52.5178344, 13.3922198 52.5178416), (13.3913478 52.5181146, 13.390957 52.518091, 13.3909821 52.5179378, 13.3913382 52.5179594, 13.391326 52.5180343, 13.3913606 52.5180364, 13.3913478 52.5181146), (13.3917686 52.5179872, 13.3921309 52.5180098, 13.3921052 52.5181629, 13.3917288 52.5181395, 13.3917421 52.5180601, 13.3917562 52.518061, 13.3917686 52.5179872), (13.39091 52.5184258, 13.3909408 52.5182273, 13.3911875 52.5182415, 13.3911567 52.51844, 13.39091 52.5184258), (13.3920477 52.5184964, 13.3917884 52.5184807, 13.3918203 52.5182847, 13.3920796 52.5183003, 13.3920477 52.5184964), (13.3908854 52.5185617, 13.3911366 52.5185759, 13.3910945 52.5188512, 13.3908433 52.518837, 13.3908854 52.5185617), (13.3919765 52.5189093, 13.3917198 52.5188934, 13.3917661 52.5186168, 13.3920228 52.5186326, 13.3919765 52.5189093))",Mitte,Mitte,0101,11001001
Charité Medizinische Bibliothek Campus Virchow-Klinikum,library,2728323,,,Weststraße,1,13353,Berlin,DE,Mo-Fr 09:00-20:00; Sa 09:00-18:00,,,,wlan,DE-578-3,,,,https://bibliothek.charite.de/,,,,https://bibliothek.charite.de/,13.339930725892767,52.54168828283642,"POLYGON ((13.3397525 52.5418231, 13.3398002 52.5418265, 13.3397977 52.5418394, 13.340208 52.5418687, 13.340217 52.5418219, 13.3403389 52.5418306, 13.3403515 52.5417655, 13.3403397 52.5417647, 13.3403496 52.5417135, 13.3403575 52.5416729, 13.3403707 52.5416738, 13.3403837 52.5416068, 13.3402664 52.5415984, 13.3402754 52.5415521, 13.3398626 52.5415226, 13.3398543 52.5415654, 13.3395214 52.5415416, 13.339477 52.5415946, 13.3394422 52.5416501, 13.3394529 52.5417121, 13.3394775 52.5417686, 13.3397591 52.5417888, 13.3397525 52.5418231), (13.3398357 52.5417251, 13.3398526 52.5416335, 13.3399446 52.5416407, 13.3399264 52.5417324, 13.3398357 52.5417251))",Mitte,Wedding,0105,11001001
Staatsbibliothek zu Berlin,library,9261463,public,Stiftung Preußischer Kulturbesitz,Potsdamer Straße,33,10785,Berlin,DE,Mo-Sa 08:00-22:00; Su 10:00-18:00,limited,,,wlan,DE-1a,,,+49 30 266433888,,http://staatsbibliothek-berlin.de/,info@sbb.spk-berlin.de,+49 30 266433888,http://staatsbibliothek-berlin.de/,13.370596473551519,52.5071567148946,"POLYGON ((13.3692037 52.5063844, 13.3690201 52.5064012, 13.3690358 52.5064983, 13.3690644 52.5066945, 13.3690806 52.5067227, 13.3692636 52.506684, 13.3692639 52.5066735, 13.3694979 52.5066605, 13.3695334 52.5068929, 13.3695665 52.5068918, 13.3695711 52.5069288, 13.3695757 52.5069665, 13.3693135 52.5070283, 13.3693903 52.5072321, 13.3695465 52.5072547, 13.369561 52.5072422, 13.3697393 52.5072275, 13.3697387 52.5072143, 13.3698608 52.5072138, 13.3700268 52.5072131, 13.3702733 52.5076375, 13.3703818 52.5076312, 13.3704616 52.5076266, 13.3704903 52.5076466, 13.3704148 52.5076874, 13.3703762 52.5077083, 13.370444 52.5077548, 13.3705269 52.5078116, 13.3705655 52.5077907, 13.370641 52.5077499, 13.3706639 52.5077671, 13.3706378 52.507782, 13.3707958 52.5078904, 13.37081 52.5079006, 13.3708206 52.5079082, 13.3708608 52.5078913, 13.37096 52.5078571, 13.3713065 52.5082243, 13.3712966 52.508292, 13.3712558 52.5085829, 13.3713216 52.5085838, 13.3715314 52.5086363, 13.3715479 52.5086098, 13.3715931 52.5085418, 13.3715339 52.5085272, 13.371534 52.5084239, 13.3715341 52.5083475, 13.3715341 52.5082889, 13.3715344 52.5080808, 13.3715409 52.507515, 13.3716176 52.5074857, 13.3712163 52.5066182, 13.3712944 52.5065998, 13.371279 52.506567, 13.3712611 52.5065701, 13.3711531 52.5063336, 13.3706808 52.5064012, 13.3706113 52.5064108, 13.3705558 52.5064185, 13.3702831 52.5064354, 13.3702407 52.506438, 13.369763 52.5064645, 13.369749 52.5063762, 13.3694563 52.5063934, 13.3694571 52.5063988, 13.3693265 52.5064082, 13.3693259 52.5064062, 13.3693166 52.5063721, 13.3692037 52.5063844), (13.3694843 52.5065695, 13.3692427 52.5065819, 13.3692311 52.5064986, 13.369471 52.5064863, 13.3694843 52.5065695), (13.3709424 52.5065743, 13.3707714 52.5066082, 13.3707338 52.506532, 13.3709121 52.5065039, 13.3709424 52.5065743), (13.3703096 52.5068939, 13.3701193 52.5069047, 13.3701177 52.506893, 13.3700738 52.5066213, 13.3702665 52.5066109, 13.3703096 52.5068939), (13.371153 52.5077882, 13.3710661 52.5076954, 13.3711587 52.5076651, 13.3711729 52.5076604, 13.3712238 52.5077044, 13.3712607 52.5076985, 13.3713012 52.5077904, 13.3712057 52.5078208, 13.3711717 52.5077817, 13.371153 52.5077882))",Mitte,Tiergarten,0104,11001001
Haus O / Bibliothek,library,14584232,university,Universitätsbibliothek der Freien Universität Berlin,Malteserstraße,74-100,12249,Berlin,DE,,yes,,,,DE-188-835,,,,,,,,,13.357348997813515,52.42646405820851,"POLYGON ((13.3576185 52.4264169, 13.3576253 52.4264019, 13.357642 52.4263673, 13.3576575 52.4263348, 13.3576718 52.4263057, 13.3576097 52.4262945, 13.3575968 52.4262923, 13.3575664 52.4262868, 13.3575337 52.4262808, 13.3575168 52.4262779, 13.3574778 52.4262709, 13.3574624 52.4263028, 13.3574472 52.4263347, 13.3574323 52.4263657, 13.3574188 52.4263937, 13.3570692 52.4263307, 13.3569691 52.4265378, 13.3575514 52.4266425, 13.3576515 52.4264353, 13.3576352 52.4264324, 13.3576131 52.4264283, 13.3576185 52.4264169))",Steglitz-Zehlendorf,Lankwitz,0603,11006006
Berliner Stadtbibliothek,library,18475778,public,Stiftung Zentral- und Landesbibliothek Berlin,Breite Straße,30-36,10178,Berlin,DE,Sa 10:00-19:00; Mo-Fr 10:00-21:00,yes,yes,,terminal,DE-109,,,,,https://www.zlb.de/standorte/berliner-stadtbibliothek/,,,https://www.zlb.de/standorte/berliner-stadtbibliothek/,13.404378736457543,52.515717577472785,"POLYGON ((13.4043805 52.5154511, 13.4042293 52.515374, 13.4040483 52.5155066, 13.4038658 52.5156408, 13.4040412 52.515729, 13.4039669 52.5157847, 13.4044942 52.5160496, 13.4048882 52.5157127, 13.4048345 52.5156867, 13.4048402 52.5156811, 13.4043977 52.5154608, 13.4043805 52.5154511), (13.4043274 52.5155138, 13.4044594 52.5155825, 13.4042344 52.5157434, 13.4041081 52.5156793, 13.4043274 52.5155138))",Mitte,Mitte,0101,11001001
Stadtteilbibliothek Reinickendorf West,library,12183522,,,Auguste-Viktoria-Allee,29-31,13403,Berlin,DE,"Tu,Th 13:00-18:00",,,,,none,,,,,,,,,13.315554540565973,52.57140979307531,"POLYGON ((13.3154144 52.5715554, 13.3155148 52.571542, 13.3155101 52.571529, 13.3157751 52.5714936, 13.3157602 52.5714523, 13.3156912 52.5712616, 13.3155048 52.5712865, 13.3155316 52.5713607, 13.3154518 52.5713714, 13.3154253 52.571298, 13.3153261 52.5713112, 13.3154144 52.5715554))",Reinickendorf,Reinickendorf,1201,11012012
Amerika-Gedenkbibliothek,library,16112544,public,Stiftung Zentral- und Landesbibliothek Berlin,Blücherplatz,1,10961,Berlin,DE,Mo-Fr 10:00-21:00; Sa 10:00-19:00; Su 11:00-17:00; PH off,yes,yes,,wlan,DE-109,info@zlb.de,,+49 30 90226 401,,http://zlb.de/,info@zlb.de,+49 30 90226 401,http://zlb.de/,13.39256543591177,52.4965650092248,"POLYGON ((13.3925348 52.4967515, 13.3926776 52.4967715, 13.3930885 52.4968381, 13.3931363 52.4967398, 13.3931488 52.4967126, 13.3932616 52.4967313, 13.3933725 52.4964832, 13.3933418 52.4964781, 13.3933039 52.4964718, 13.3932866 52.4964692, 13.3930291 52.496426, 13.3930123 52.4964635, 13.3929819 52.4964594, 13.3925033 52.4963942, 13.3921566 52.4963633, 13.391802 52.4963459, 13.3917851 52.4965287, 13.3916565 52.4965234, 13.3916484 52.4966057, 13.3920899 52.4966324, 13.3923332 52.4966549, 13.3924169 52.4966642, 13.3924579 52.4966687, 13.3924364 52.4967363, 13.3924348 52.4967415, 13.3925348 52.4967515))",Friedrichshain-Kreuzberg,Kreuzberg,0202,11002002
Humboldt-Bibliothek,library,22495442,,,Karolinenstraße,19,13507,Berlin,DE,Mo-Fr 11:00-19:00; Sa 11:00-16:00,yes,,,wlan,DE-B714,,,,,,,,,13.280595625313623,52.59193164925993,"POLYGON ((13.2799443 52.5918845, 13.2805437 52.5920242, 13.2811521 52.5921643, 13.2812625 52.5919888, 13.2805037 52.5918125, 13.2805203 52.5917896, 13.2801966 52.5917233, 13.2801868 52.5917389, 13.2800527 52.5917077, 13.2799443 52.5918845))",Reinickendorf,Tegel,1202,11012012
Theodor-Heuss-Bibliothek,library,23462698,,,Hauptstraße,40,10827,Berlin,DE,Mo-Sa 10:00-19:00,yes,yes,,wlan,DE-B704,,,+49 30 902774574,,https://www.berlin.de/stadtbibliothek-tempelhof-schoeneberg/bibliotheken/mittelpunktbibliothek-schoeneberg/,,+49 30 902774574,https://www.berlin.de/stadtbibliothek-tempelhof-schoeneberg/bibliotheken/mittelpunktbibliothek-schoeneberg/,13.350551501733442,52.48404498313563,"POLYGON ((13.3506768 52.4842392, 13.3501353 52.4839742, 13.350165 52.4839516, 13.3501601 52.4839496, 13.3502174 52.483906, 13.3502506 52.4838813, 13.3502796 52.4838957, 13.3503139 52.4838685, 13.3506382 52.4840271, 13.3506033 52.4840536, 13.350636 52.4840698, 13.3507715 52.483967, 13.3507855 52.4839737, 13.3508279 52.4839385, 13.3508994 52.4839737, 13.3509504 52.4839987, 13.3509056 52.4840329, 13.350931 52.4840452, 13.3507487 52.4841843, 13.3506768 52.4842392))",Tempelhof-Schöneberg,Schöneberg,0701,11007007
Dietrich-Bonhoeffer-Bibliothek,library,24027160,public,,Brandenburgische Straße,2,10713,Berlin,DE,Mo-Fr 12:00-19:00; Sa 11:00-16:00,yes,,,wlan,,,,+49 30 902915900;+49 30 902915900907,,https://www.berlin.de/ba-charlottenburg-wilmersdorf/verwaltung/aemter/weiterbildung-und-kultur/bibliotheken/dietrichbonhoefferbibliothek-201474.php,,+49 30 902915900;+49 30 902915900907,https://www.berlin.de/ba-charlottenburg-wilmersdorf/verwaltung/aemter/weiterbildung-und-kultur/bibliotheken/dietrichbonhoefferbibliothek-201474.php,13.320034358938749,52.48717374006699,"POLYGON ((13.3198757 52.4873589, 13.3198884 52.4870496, 13.3198896 52.4870197, 13.3198906 52.4869952, 13.3199971 52.4869369, 13.3200149 52.4869484, 13.3200406 52.486965, 13.3201486 52.4870349, 13.3201509 52.4870363, 13.3201815 52.4870402, 13.3201767 52.487061, 13.3202033 52.4870632, 13.3201925 52.4873607, 13.3201009 52.4873595, 13.3201004 52.4873619, 13.320082 52.4873622, 13.3198993 52.4873586, 13.3198757 52.4873589))",Charlottenburg-Wilmersdorf,Wilmersdorf,0402,11004004
Bezirkszentralbibliothek Friedrichshain-Kreuzberg Pablo Neruda,library,24035294,,,Frankfurter Allee,14a,10247,Berlin,DE,"Mo-Sa 10:00-19:00, Fr 17:00-19:00 ""servicefrei"", Sa 15:00-19:00 ""servicefrei""; Su,PH off",yes,yes,,wlan,DE-B458,info-stadtbibliothek@ba-fk.berlin.de,+4930902985750,,,https://www.berlin.de/stadtbibliothek-friedrichshain-kreuzberg/bibliotheken/bezirkszentralbibliothek-pablo-neruda/,info-stadtbibliothek@ba-fk.berlin.de,+4930902985750,https://www.berlin.de/stadtbibliothek-friedrichshain-kreuzberg/bibliotheken/bezirkszentralbibliothek-pablo-neruda/,13.457082265333252,52.51455735228547,"POLYGON ((13.4565796 52.5146503, 13.4565559 52.5145521, 13.4575241 52.5144529, 13.4575493 52.5145498, 13.4574272 52.5145636, 13.4574423 52.5146181, 13.4572524 52.5146371, 13.4572226 52.51464, 13.4572079 52.5145862, 13.4571638 52.5145915, 13.4565796 52.5146503))",Friedrichshain-Kreuzberg,Friedrichshain,0201,11002002
Stadtteilbibliothek Reinickendorf Ost,library,24725699,,,Stargardtstraße,11;13,13407,Berlin,DE,"Mo,Fr 13:00-18:00; Tu-Th,Sa,Su off",yes,yes,,wlan,,,,+49 30 451988980,,https://www.berlin.de/stadtbibliothek-reinickendorf/bibliotheken/bibliothek-am-schaefersee/artikel.336756.php,,+49 30 451988980,https://www.berlin.de/stadtbibliothek-reinickendorf/bibliotheken/bibliothek-am-schaefersee/artikel.336756.php,13.359640975302478,52.56582648063021,"POLYGON ((13.3601317 52.5659917, 13.3601742 52.5658942, 13.359847 52.5658414, 13.3599101 52.5657072, 13.3597784 52.5656851, 13.3597456 52.5657595, 13.3591456 52.5656625, 13.3590978 52.5657739, 13.3594338 52.5658301, 13.3594319 52.5658335, 13.3594424 52.5658357, 13.3594258 52.5658747, 13.3594281 52.5658751, 13.3594336 52.565876, 13.3594364 52.5658734, 13.3595255 52.5658871, 13.3595238 52.565891, 13.3596094 52.5659049, 13.3595742 52.5659867, 13.3596772 52.5660042, 13.3597193 52.565923, 13.3601317 52.5659917))",Reinickendorf,Reinickendorf,1201,11012012
"Stadtbibliothek ""Heinrich von Kleist""",library,25041070,,,Havemannstraße,17B,12689,Berlin,DE,"Mo,Tu 13:00-18:00; We,Fr 09:00-14:00; Th 13:00-19:00",,,,,,bibl.service@ba-mh.berlin.de,+49 30 9339380,,https://www.berlin.de/bibliotheken-mh/bibliotheken/stadtteilbibliothek-heinrich-von-kleist/,,bibl.service@ba-mh.berlin.de,+49 30 9339380,https://www.berlin.de/bibliotheken-mh/bibliotheken/stadtteilbibliothek-heinrich-von-kleist/,13.573968940466864,52.568276926505895,"POLYGON ((13.5738932 52.5683629, 13.5739098 52.5683817, 13.5739389 52.5683722, 13.5739526 52.5683876, 13.5741473 52.5683239, 13.5739997 52.5681572, 13.573808 52.5682199, 13.5738513 52.5682688, 13.5738217 52.5682784, 13.5738932 52.5683629))",Marzahn-Hellersdorf,Marzahn,1001,11010010
Stadtteilbibliothek Marienfelde,library,30087814,,,Marienfelder Allee,107,12277,Berlin,DE,"Mo,Fr 10:00-15:00; Tu,Th 12:00-18:00",,,,,,,+49 30 902774144,,,,,+49 30 902774144,,13.366687066851284,52.416806523454206,"POLYGON ((13.366628 52.4166559, 13.366717 52.4167694, 13.3667233 52.4167676, 13.3667348 52.4167823, 13.3669792 52.4167141, 13.3670327 52.4167811, 13.3667977 52.4168492, 13.3668397 52.4169004, 13.3668374 52.4169011, 13.3666218 52.4169635, 13.3665819 52.4169117, 13.3665474 52.4169214, 13.3665266 52.416894, 13.3664944 52.4168516, 13.366529 52.4168418, 13.3664296 52.416713, 13.366628 52.4166559))",Tempelhof-Schöneberg,Marienfelde,0705,11007007
FU Institut für Soziologie,library,31046932,university,Universitätsbibliothek der Freien Universität Berlin,Garystraße,,14195,Berlin,Germany,,yes,,,,,,,,,,,,,13.276160893557384,52.44914003660962,"POLYGON ((13.2765306 52.4494045, 13.276303 52.4493087, 13.2761811 52.449257, 13.2760657 52.4492077, 13.2759071 52.4491408, 13.2759241 52.4491241, 13.2757869 52.4490689, 13.2759333 52.4489454, 13.2759925 52.4489733, 13.2760186 52.4489541, 13.2761199 52.4489856, 13.2762144 52.4490257, 13.2764892 52.449218, 13.2763909 52.4493092, 13.2765591 52.4493821, 13.2765306 52.4494045))",Steglitz-Zehlendorf,Dahlem,0605,11006006
Haus B Bibliothek Campus Treskowallee,library,37588849,,,Treskowallee,8,10318,Berlin,DE,,limited,no,,,,,,+49 30 50190,,http://www.htw-berlin.de,,+49 30 50190,http://www.htw-berlin.de,13.526186353539533,52.49267882126879,"POLYGON ((13.5261738 52.4925043, 13.5262443 52.492521, 13.526237 52.4925324, 13.5263672 52.4925633, 13.5263347 52.4926142, 13.5263622 52.4926208, 13.5262313 52.4928253, 13.5261902 52.4928156, 13.5261745 52.4928401, 13.5260404 52.4928083, 13.5260473 52.4927976, 13.5259891 52.4927838, 13.5261245 52.4925722, 13.5261478 52.4925358, 13.5261529 52.492537, 13.5261738 52.4925043))",Lichtenberg,Karlshorst,1102,11011011
Mittelpunktbibliothek Adalbertstraße,library,37739166,,,Adalbertstraße,2,10999,Berlin,DE,Mo-Th 11:00-19:00; Fr 11:00-17:00; Sa 11:00-16:00,yes,yes,,yes,,,,,https://www.berlin.de/stadtbibliothek-friedrichshain-kreuzberg/bibliotheken/mittelpunktbibliothek-wilhelm-liebknecht-namik-kemal/,,,,https://www.berlin.de/stadtbibliothek-friedrichshain-kreuzberg/bibliotheken/mittelpunktbibliothek-wilhelm-liebknecht-namik-kemal/,13.418501164964695,52.4998309349822,"POLYGON ((13.4185093 52.4996971, 13.4183359 52.4997425, 13.4184743 52.4999363, 13.4184944 52.4999651, 13.4186655 52.4999202, 13.4185093 52.4996971))",Friedrichshain-Kreuzberg,Kreuzberg,0202,11002002
Stadtteilbibliothek Lankwitz,library,37975301,,,Bruchwitzstraße,37,12247,Berlin,DE,"Mo,Tu,Th,Fr 11:00-19:00; We 11:00-16:00",no,no,,,,,,,https://www.berlin.de/stadtbibliothek-steglitz-zehlendorf/bibliotheken/stadtteilbibliothek-lankwitz,,,,https://www.berlin.de/stadtbibliothek-steglitz-zehlendorf/bibliotheken/stadtteilbibliothek-lankwitz,13.35062169665688,52.43607382640327,"POLYGON ((13.3508094 52.435916, 13.3508549 52.4359493, 13.3509328 52.4360024, 13.3507582 52.4360982, 13.3507376 52.4360841, 13.3504712 52.4362282, 13.3503193 52.4361238, 13.3505033 52.4360242, 13.3505608 52.4360637, 13.350643 52.4360192, 13.3506323 52.4360118, 13.3508094 52.435916))",Steglitz-Zehlendorf,Lankwitz,0603,11006006
Archiv der Max-Planck-Gesellschaft,library,38358625,,,Boltzmannstraße,14,14195,Berlin,DE,,,,,,DE-B1518,,,,,,,,,13.27789327862625,52.44681019915572,"POLYGON ((13.2776815 52.4469778, 13.2775614 52.446869, 13.2775489 52.4468577, 13.2778005 52.4467567, 13.2778012 52.4467527, 13.2778028 52.4467489, 13.2778055 52.4467454, 13.2778093 52.4467421, 13.2778139 52.4467394, 13.2778193 52.4467372, 13.2778253 52.4467357, 13.2778316 52.4467348, 13.277838 52.4467347, 13.2778443 52.4467354, 13.2778503 52.4467364, 13.2781014 52.446637, 13.278159 52.4466892, 13.2782319 52.4467552, 13.2780032 52.4468487, 13.2780261 52.4468542, 13.278029 52.4468714, 13.2780102 52.4468873, 13.2779596 52.4469066, 13.2779336 52.4469095, 13.2779096 52.4469052, 13.2779034 52.44689, 13.2776815 52.4469778))",Steglitz-Zehlendorf,Dahlem,0605,11006006
Zweigbibliothek Campus Nord,library,43041469,university,Universitätsbibliothek der Humboldt-Universität zu Berlin,Hessische Straße,1-2,10115,Berlin,DE,Mo-Fr 09:00-20:00; Sa 11:00-19:00,yes,,,wlan,DE-11-97,cano@ub.hu-berlin.de,+49 30 209399600,+49 30 20933232,https://www.ub.hu-berlin.de/standorte/campus-nord,,cano@ub.hu-berlin.de,+49 30 209399600,https://www.ub.hu-berlin.de/standorte/campus-nord,13.381443035024047,52.528695299414146,"POLYGON ((13.3812356 52.5285786, 13.3813721 52.5284086, 13.3809856 52.5282938, 13.3809218 52.5283733, 13.3808538 52.528458, 13.3811266 52.528539, 13.3809784 52.5287236, 13.3809096 52.5287032, 13.3808803 52.5287397, 13.3808521 52.5287313, 13.3808238 52.5287228, 13.3808327 52.5287111, 13.3808074 52.5287038, 13.380841 52.5286608, 13.3807918 52.5286466, 13.3807758 52.528667, 13.3806416 52.5286282, 13.3805982 52.5286838, 13.3805859 52.5286802, 13.3805513 52.5287244, 13.380564 52.5287281, 13.3805176 52.5287874, 13.3805558 52.5287984, 13.3805459 52.5288111, 13.3806115 52.5288301, 13.3806209 52.5288181, 13.3807067 52.528843, 13.3807467 52.5287919, 13.3807286 52.5287866, 13.3807698 52.528734, 13.3808061 52.5287449, 13.3808355 52.5287536, 13.3810627 52.5288211, 13.3811625 52.5286968, 13.3814628 52.528786, 13.3814389 52.5288159, 13.3816537 52.5288797, 13.3816785 52.5288487, 13.3819822 52.5289389, 13.3818846 52.5290605, 13.3820831 52.5291194, 13.3821312 52.5290595, 13.3820543 52.5290366, 13.3822459 52.5287979, 13.382321 52.5288202, 13.3823687 52.5287608, 13.3821716 52.5287023, 13.3820721 52.5288262, 13.3817176 52.5287209, 13.3817646 52.5286623, 13.3817751 52.5286655, 13.3817832 52.5286553, 13.3818545 52.5285665, 13.3818693 52.5285481, 13.3817309 52.528507, 13.3816848 52.5285644, 13.3816702 52.5285826, 13.3815941 52.5285599, 13.3815423 52.5286245, 13.3816 52.5286417, 13.3815854 52.5286599, 13.3816041 52.5286655, 13.3815895 52.5286837, 13.3812356 52.5285786))",Mitte,Mitte,0101,11001001
Jacob-und-Wilhelm-Grimm-Zentrum,library,43174774,university,Universitätsbibliothek der Humboldt-Universität zu Berlin,Geschwister-Scholl-Straße,1/3,10117,Berlin,DE,"Mo-Fr 09:00-24:00, Sa,Su 10:00-22:00",yes,yes,,wlan,DE-11,ub.kontakt@ub.hu-berlin.de,,,https://www.grimm-zentrum.hu-berlin.de/,,ub.kontakt@ub.hu-berlin.de,,https://www.grimm-zentrum.hu-berlin.de/,13.391026099031452,52.52056762849035,"POLYGON ((13.390285 52.5207258, 13.3903099 52.5205813, 13.3903493 52.5203528, 13.3903551 52.5203192, 13.3911108 52.5203675, 13.3917672 52.5204094, 13.3917534 52.5204891, 13.3917371 52.5205838, 13.391697 52.5208161, 13.3906058 52.5207463, 13.390285 52.5207258))",Mitte,Mitte,0101,11001001
Bibliothek,library,46767153,,,Schwarzer Weg,,13505,Berlin,Germany,,,,,,,,,,,,,,,13.245153776616199,52.571898102848536,"POLYGON ((13.2452326 52.5720552, 13.2453762 52.5719931, 13.2452751 52.5719067, 13.2453886 52.5718576, 13.2452966 52.571779, 13.2451675 52.5718348, 13.2450522 52.5717363, 13.2449482 52.5717813, 13.2450489 52.5718674, 13.2448885 52.5719367, 13.2449671 52.5720038, 13.2451035 52.5719448, 13.2452326 52.5720552))",Reinickendorf,Tegel,1202,11012012
"Mittelpunktbibliothek ""Ehm Welk""",library,48233792,,,Alte Hellersdorfer Straße,125,12629,Berlin,DE,"Mo,Tu,Th 13:00-19:00; We,Fr 11:00-15:00",,,,,,,+49 30 9989526,,http://www.stb-mh.de/Bibliothek-Ehm-Welk.html,,,+49 30 9989526,http://www.stb-mh.de/Bibliothek-Ehm-Welk.html,13.591502238939889,52.5463395925377,"POLYGON ((13.5913011 52.5464739, 13.5913304 52.5465526, 13.5916981 52.5465031, 13.5915317 52.5460443, 13.5914333 52.5460586, 13.5914355 52.5460632, 13.5914021 52.546067, 13.5913829 52.5460699, 13.5914823 52.5463343, 13.5913283 52.5463565, 13.5913678 52.5464641, 13.5913011 52.5464739))",Marzahn-Hellersdorf,Hellersdorf,1005,11010010
Stadtbibliothek Neukölln - Margarete-Kubicka-Bibliothek,library,48957837,,,Gutschmidtstraße,33,12359,Berlin,DE,"Mo-Tu,Fr 13:00-19:00; We off; Th 08:30-16:00",limited,,,,,,,+49 30 902391223,,https://www.berlin.de/stadtbibliothek-neukoelln/bibliotheken/margarete-kubicka-bibliothek/,britz-sued@stadtbibliothek-neukoelln.de,+49 30 902391223,https://www.berlin.de/stadtbibliothek-neukoelln/bibliotheken/margarete-kubicka-bibliothek/,13.4460219,52.43668695,"POLYGON ((13.4458146 52.4367336, 13.4458188 52.4366337, 13.4462292 52.4366403, 13.446225 52.4367402, 13.4458146 52.4367336))",Neukölln,Britz,0802,11008008
Bezirkszentralbibliothek Eva-Maria-Buch-Haus,library,48992634,,Stadt Berlin,Götzstraße,8-12,12099,Berlin,DE,Mo-Sa 10:00-19:00; Su 10:00-17:00,yes,,,wlan,DE-B713,,,,https://www.berlin.de/stadtbibliothek-tempelhof-schoeneberg/bibliotheken/bezirkszentralbibliothek/,,,,https://www.berlin.de/stadtbibliothek-tempelhof-schoeneberg/bibliotheken/bezirkszentralbibliothek/,13.38789798395162,52.46375525025315,"POLYGON ((13.3882832 52.4636654, 13.3882154 52.4636126, 13.3882282 52.463589, 13.3881923 52.4635614, 13.3881031 52.4634927, 13.388032 52.4634983, 13.3879765 52.4635027, 13.3879632 52.4635303, 13.3879207 52.4635332, 13.3878579 52.4635075, 13.3877418 52.4635162, 13.3877172 52.4635103, 13.3877052 52.4635364, 13.3877737 52.4635913, 13.3876932 52.4637183, 13.3874793 52.4637371, 13.3874787 52.4637603, 13.3875005 52.4637973, 13.3876888 52.4638449, 13.3877132 52.4638788, 13.3877374 52.4638775, 13.3877625 52.4638865, 13.387773 52.4638874, 13.3876737 52.4640282, 13.3877023 52.4640515, 13.3877211 52.4640567, 13.3878264 52.4640826, 13.3879683 52.4640726, 13.3880141 52.4640068, 13.3879348 52.4639857, 13.3879588 52.4639473, 13.3879222 52.463937, 13.3879299 52.4639251, 13.3879522 52.4639229, 13.3879758 52.4639207, 13.3881042 52.4637433, 13.3882296 52.4637297, 13.3882427 52.4637293, 13.3882832 52.4636654))",Tempelhof-Schöneberg,Tempelhof,0703,11007007
Manfred-Bofinger-Bibliothek im Gerard Philipe,library,61907910,,,Karl-Kunger-Straße,30,12435,Berlin,Germany,"Mo,Th 13:00-19:00; Tu,Fr 11:00-17:00; We,Sa-Su off",yes,,,,,,+49 30 53218166,,https://www.berlin.de/stadtbibliothek-treptow-koepenick/bibliotheken/alt-treptow/,,,+49 30 53218166,https://www.berlin.de/stadtbibliothek-treptow-koepenick/bibliotheken/alt-treptow/,13.450760865270206,52.48878687675308,"POLYGON ((13.4506134 52.4888623, 13.4506173 52.4888341, 13.4506359 52.4887023, 13.4506369 52.4886969, 13.4509083 52.4887113, 13.450885 52.488877, 13.4506134 52.4888623))",Treptow-Köpenick,Alt-Treptow,0901,11009009
Berliner Blindenhörbücherei,library,77676093,,Berliner Blindenhörbücherei gemeinnützige GmbH,Auerbachstraße,5,14193,Berlin,DE,"Mo-Th 09:30-12:30,13:00-15:00; Fr 09:30-12:30",,,,,,,,+49 30 826 31 11,,https://bhb.absv.de/,info@berliner-hoerbuecherei.de,+49 30 826 31 11,https://bhb.absv.de/,13.262306827057241,52.48702543708739,"POLYGON ((13.2622764 52.4870598, 13.2622758 52.4870609, 13.2621868 52.487053, 13.2621968 52.4870107, 13.2621949 52.4870106, 13.2621972 52.4870006, 13.2622066 52.4870013, 13.2622173 52.4869558, 13.2622282 52.4869568, 13.2622278 52.4869578, 13.2622756 52.4869619, 13.262276 52.4869609, 13.2622867 52.4869618, 13.262281 52.4869864, 13.2624268 52.4869989, 13.2624095 52.4870724, 13.2624039 52.487072, 13.2623991 52.4870921, 13.2623462 52.4870875, 13.2623487 52.4870763, 13.262305 52.4870725, 13.2623075 52.4870625, 13.2622764 52.4870598))",Charlottenburg-Wilmersdorf,Grunewald,0404,11004004
Haus 6 (Bibliothek),library,79995213,university,Freie Universität Berlin,Oertzenweg,19 B,14163,Berlin,DE,Mo-Fr 08:00-18:00,yes,yes,,,DE-188-846,service.library@vetmed.fu-berlin.de,+49 30 838 62636,,https://www.vetmed.fu-berlin.de/bibliothek,,service.library@vetmed.fu-berlin.de,+49 30 838 62636,https://www.vetmed.fu-berlin.de/bibliothek,13.237617028252306,52.428976319204516,"POLYGON ((13.2373523 52.4288043, 13.237237 52.4290207, 13.2378818 52.4291483, 13.2379971 52.428932, 13.2373523 52.4288043))",Steglitz-Zehlendorf,Zehlendorf,0604,11006006
Bibliothek am Luisenbad,library,102523700,,,Badstraße,39,13357,Berlin,DE,Mo-Fr 10:00-19:30; Sa 10:00-14:00,yes,,,wlan,DE-B788,luisenbad@stb-mitte.de,+49 30 901845610,,https://www.berlin.de/stadtbibliothek-mitte/bibliotheken/bibliothek-am-luisenbad/,,luisenbad@stb-mitte.de,+49 30 901845610,https://www.berlin.de/stadtbibliothek-mitte/bibliotheken/bibliothek-am-luisenbad/,13.37949243896611,52.55364614848344,"POLYGON ((13.3792333 52.5535601, 13.3792317 52.5535531, 13.379235 52.553544, 13.3792464 52.5535367, 13.37926 52.5535331, 13.3792698 52.5535336, 13.3792764 52.5535349, 13.3792821 52.5535332, 13.3792168 52.5534315, 13.3792127 52.5534325, 13.3792097 52.5534274, 13.3792134 52.5534262, 13.3792084 52.5534187, 13.3791976 52.5534099, 13.3791978 52.5534006, 13.37921 52.5533945, 13.3792257 52.5533934, 13.3792846 52.5533793, 13.3793524 52.5534858, 13.3793595 52.5534829, 13.3793765 52.5535069, 13.3794093 52.5535052, 13.3794411 52.5535059, 13.3794754 52.5535087, 13.379473 52.5535171, 13.3795173 52.5535241, 13.3795559 52.5535349, 13.3795764 52.5535138, 13.379615 52.5535288, 13.3796539 52.5535488, 13.379687 52.5535714, 13.3797146 52.5535991, 13.3797367 52.5536288, 13.3797517 52.5536645, 13.3797568 52.5537093, 13.3797414 52.5537562, 13.3797203 52.5537883, 13.3796866 52.5538212, 13.3796559 52.5538076, 13.3796404 52.5538188, 13.3796384 52.5538179, 13.3796164 52.5538316, 13.3795913 52.5538436, 13.3796007 52.5538521, 13.3795467 52.5538716, 13.3795371 52.5538605, 13.3795034 52.5538681, 13.3794473 52.5537852, 13.3794218 52.5537907, 13.3793987 52.5537844, 13.3793829 52.5537573, 13.3793632 52.5537234, 13.3793438 52.5537298, 13.3793092 52.5536761, 13.3793072 52.5536766, 13.3792813 52.5536365, 13.3792478 52.5535845, 13.3792498 52.553584, 13.3792333 52.5535601))",Mitte,Gesundbrunnen,0106,11001001
Stadtteilbibliothek Haselhorst,library,122700497,,,Gartenfelder Straße,104,13599,Berlin,Germany,"Mo,Th 13:00-19:00; Tu,We,Fr 13:00-17:00",,,,,,,,,,,,,,13.239070909532336,52.542934713619566,"POLYGON ((13.2389321 52.5428395, 13.2392456 52.5429219, 13.239271 52.5429703, 13.2392631 52.542983, 13.2392552 52.5429808, 13.2392214 52.5430291, 13.2390863 52.5429917, 13.2390835 52.542997, 13.2389242 52.5429548, 13.2388608 52.542938, 13.2389321 52.5428395))",Spandau,Haselhorst,0502,11005005
Mittelpunktbibliothek,library,139631213,,,Alter Markt,2,12555,Berlin,DE,"Mo,Tu,Th,Fr 10:00-19:00; We 13:00-19:00; Sa 10:00-19:00; PH off",yes,yes,,,,mpb.k@sb-tk.de,+49 30 902973415,,,https://www.berlin.de/stadtbibliothek-treptow-koepenick/bibliotheken/mittelpunktbibliothek-koepenick/,mpb.k@sb-tk.de,+49 30 902973415,https://www.berlin.de/stadtbibliothek-treptow-koepenick/bibliotheken/mittelpunktbibliothek-koepenick/,13.579082682259095,52.44586384159042,"POLYGON ((13.5793625 52.4457935, 13.5793737 52.4457953, 13.5793999 52.4457344, 13.5794103 52.4457102, 13.5793742 52.4457033, 13.5793617 52.4457281, 13.5792419 52.445709, 13.5792166 52.4457678, 13.5792376 52.4457711, 13.579217 52.4458224, 13.5788137 52.445757, 13.5787954 52.4457901, 13.578739 52.4459212, 13.5792711 52.4460061, 13.5793409 52.4458436, 13.5793625 52.4457935))",Treptow-Köpenick,Köpenick,0910,11009009
"Bibliothek für Sozialwissenschaften und Osteuropastudien, Leihstelle",library,183011718,university,Freie Universität Berlin,Garystraße,55,14195,Berlin,DE,,yes,,,,,,,,,,,,,13.276102759667983,52.44940675329772,"POLYGON ((13.2760381 52.4495549, 13.276303 52.4493087, 13.2761811 52.449257, 13.2759001 52.4494964, 13.2760381 52.4495549))",Steglitz-Zehlendorf,Dahlem,0605,11006006
Schiller-Bibliothek,library,362827350,,http://voebb.de,Müllerstraße,149,13353,Berlin,DE,Mo-Fr 10:00-19:30; Sa 10:00-14:00; Su 12:00-18:00,yes,yes,,wlan,DE-B718,,+49 30 9018-456 83,,http://www.berlin.de/stadtbibliothek-mitte/bibliotheken/schiller-bibliothek-mit-hugojugendmedienetage/,,,+49 30 9018-456 83,http://www.berlin.de/stadtbibliothek-mitte/bibliotheken/schiller-bibliothek-mit-hugojugendmedienetage/,13.357348168054127,52.54649547348343,"POLYGON ((13.357553 52.5467151, 13.3572563 52.5465289, 13.3570032 52.5463702, 13.357154 52.5462813, 13.3576804 52.5466115, 13.357644 52.5466329, 13.3576684 52.5466482, 13.3576361 52.5466673, 13.3576114 52.5466518, 13.357583 52.5466685, 13.3576067 52.5466834, 13.357553 52.5467151))",Mitte,Wedding,0105,11001001
Thomas-Dehler-Bibliothek,library,381241376,private_non_profit,Freundeskreis der Thomas-Dehler-Bibliothek e.V.,Martin-Luther-Straße,77,10825,Berlin,DE,Tu-Fr 15:00-19:00; Sa 12:00-14:00,limited,,,,,,,+49 30 902776496,,https://www.berlin.de/stadtbibliothek-tempelhof-schoeneberg/bibliotheken/thomas-dehler-bibliothek/,,+49 30 902776496,https://www.berlin.de/stadtbibliothek-tempelhof-schoeneberg/bibliotheken/thomas-dehler-bibliothek/,13.345738960506555,52.48819866962547,"POLYGON ((13.3455024 52.4882171, 13.3455462 52.4881115, 13.3458233 52.4881544, 13.3458281 52.4881493, 13.3458486 52.4881526, 13.3458675 52.4881557, 13.3458554 52.4881836, 13.3460105 52.4882088, 13.3459623 52.4882777, 13.3458322 52.4882556, 13.3458273 52.4882673, 13.3455024 52.4882171))",Tempelhof-Schöneberg,Schöneberg,0701,11007007
Gottfried-Benn-Bibliothek,library,396710862,government,Bezirksamt Steglitz-Zehlendorf,Nentershäuser Platz,1,14163,Berlin,DE,"Mo-Fr 11:00-19:00; Sa 10:00-14:00; Su, PH off",limited,no,,,DE-B712,,,+49 30 902 995458,https://www.berlin.de/stadtbibliothek-steglitz-zehlendorf/bibliotheken/gottfried-benn-bibliothek/,https://www.berlin.de/stadtbibliothek-steglitz-zehlendorf/bibliotheken/gottfried-benn-bibliothek/,stb.zehlendorf@ba-sz.berlin.de,+49 30 902 995458,https://www.berlin.de/stadtbibliothek-steglitz-zehlendorf/bibliotheken/gottfried-benn-bibliothek/,13.25548152112321,52.43209304344338,"POLYGON ((13.2552337 52.4321958, 13.2553321 52.431926, 13.255446 52.4319414, 13.2554562 52.4319134, 13.2556498 52.4319397, 13.2556368 52.4319753, 13.2556646 52.431979, 13.2556552 52.4320049, 13.2556457 52.432031, 13.2556179 52.4320272, 13.2555822 52.4321248, 13.2557511 52.4321476, 13.25571 52.4322604, 13.2552337 52.4321958))",Steglitz-Zehlendorf,Zehlendorf,0604,11006006
Campusbibliothek,library,412968438,university,Berliner Hochschule für Technik,Luxemburger Straße,"8,9",13353,Berlin,DE,"Mo,We,Fr 10:00-16:00; Tu,Th 10:00-18:00; PH off",yes,,0,wlan,DE-B768,leihfr@bht-berlin.de,+49 30 4504 2507,,https://www.bht-berlin.de/bibliothek,,leihfr@bht-berlin.de,+49 30 4504 2507,https://www.bht-berlin.de/bibliothek,13.354845846765809,52.54505695300942,"POLYGON ((13.3549018 52.544804, 13.3549635 52.5448362, 13.355023 52.5448672, 13.3550103 52.5448762, 13.3550378 52.5448905, 13.3549802 52.5449313, 13.3549924 52.5449377, 13.3549767 52.5449488, 13.3550738 52.5449999, 13.3548986 52.5451243, 13.3550332 52.5451944, 13.3550081 52.5452122, 13.3549346 52.545265, 13.3549075 52.5452836, 13.3548678 52.5452629, 13.3548295 52.5452906, 13.3546763 52.5452131, 13.3546734 52.5451822, 13.3546866 52.5451728, 13.3546678 52.5451633, 13.3546485 52.5451536, 13.3546036 52.545131, 13.3547333 52.545039, 13.3546382 52.5449916, 13.3549018 52.544804))",Mitte,Wedding,0105,11001001
Humboldt-Universität zu Berlin Universitätsbibliothek Zweigbibliothek Theologie,library,569067822,university,Universitätsbibliothek der Humboldt-Universität zu Berlin,Anna-Louisa-Karsch-Straße,1,10178,Berlin,DE,"Mo-Fr 09:00-20:00 || Mo-Fr 09:00-18:00 ""in der vorlesungsfreien Zeit""",yes,,-1;0;1;2;3,wlan,DE-11-133,,,+49 30 2093-91800,,https://www.ub.hu-berlin.de/de/standorte/zwbtheologie,theol@ub.hu-berlin.de,+49 30 2093-91800,https://www.ub.hu-berlin.de/de/standorte/zwbtheologie,13.401370872190125,52.52112137080461,"POLYGON ((13.4011408 52.5212002, 13.4012367 52.5210938, 13.4012557 52.5210727, 13.4012588 52.5210692, 13.4013564 52.520961, 13.4014792 52.5210019, 13.4015314 52.5210193, 13.4016009 52.5210425, 13.4015002 52.5211543, 13.4013854 52.5212818, 13.4013605 52.5212735, 13.4012467 52.5212355, 13.4011408 52.5212002))",Mitte,Mitte,0101,11001001
Bibliothek für Bildungsgeschichtliche Forschung,library,739645082,public,Deutsches Institut für Internationale Pädagogische Forschung (DIPF),Warschauer Straße,34-38,10243,Berlin,DE,Mo-Fr 10:00-18:00,yes,,1,wlan,,info@dipf.de,,+49 3029336012,,https://bbf.dipf.de,info@dipf.de,+49 3029336012,https://bbf.dipf.de,13.447981838976013,52.50513781153201,"POLYGON ((13.4480243 52.5053701, 13.4479733 52.505302, 13.4482343 52.5052249, 13.4482631 52.5052604, 13.4483395 52.5052374, 13.4483715 52.5052278, 13.4484004 52.5052641, 13.4484278 52.505255, 13.4484412 52.5052715, 13.4484993 52.5052539, 13.448254 52.5049388, 13.4481557 52.5049662, 13.4481934 52.5050113, 13.4481737 52.5050171, 13.44808 52.5050446, 13.4481256 52.5051024, 13.447889 52.5051716, 13.4477228 52.504961, 13.4477505 52.5049529, 13.4476889 52.5048721, 13.4474922 52.5049298, 13.4478243 52.5053594, 13.4480243 52.5053701))",Friedrichshain-Kreuzberg,Friedrichshain,0201,11002002
Schulbibliothek Bücherwagen,library,854062274,,Anna-Essinger-Gemeinischaftsschule,Tietzenweg,,12203,Berlin,Germany,,,,,,,,,,,,,,,13.311028463859989,52.43828764128923,"POLYGON ((13.3110957 52.4383059, 13.3110644 52.4383268, 13.3110113 52.4382972, 13.3109612 52.4382694, 13.3109925 52.4382485, 13.3110957 52.4383059))",Steglitz-Zehlendorf,Lichterfelde,0602,11006006
Mittelpunktbibliothek Treptow,library,905949659,public,Verbund der Öffentlichen Bibliotheken Berlins,Michael-Brückner-Straße,9,12439,Berlin,DE,Mo-Tu 10:00-20:00; We 13:00-20:00; Th-Fr 10:00-20:00; Sa 10:00-14:00,yes,,,,DE-B459,,,+49 30 90297 6800,,https://www.berlin.de/stadtbibliothek-treptow-koepenick/bibliotheken/mittelpunktbibliothek-treptow/,mpb.t@sb-tk.de,+49 30 90297 6800,https://www.berlin.de/stadtbibliothek-treptow-koepenick/bibliotheken/mittelpunktbibliothek-treptow/,13.514208765595965,52.45402726670681,"POLYGON ((13.5141828 52.4538179, 13.514313 52.4538895, 13.5144773 52.4540633, 13.5140063 52.4542305, 13.5139468 52.4541971, 13.5139522 52.4541935, 13.5139216 52.4541762, 13.5139448 52.4541605, 13.5139982 52.4541246, 13.51403 52.4541417, 13.5142003 52.4540262, 13.514079 52.4539595, 13.5140205 52.4539276, 13.5141828 52.4538179))",Treptow-Köpenick,Niederschöneweide,0905,11009009
